sample_size,rho_mu,avg_power,sd_power,N,se_power,Level,Model,Total_name,Total_tests,dm,delta_mu,n1_prop
900,0.05,0,0,20,0,CpG,Continuous (rho; Pearson correlation),CpG_20M,20000000,500,NA,NA
1000,0.05,0,0,20,0,CpG,Continuous (rho; Pearson correlation),CpG_20M,20000000,500,NA,NA
1100,0.05,1e-4,4.4721359549995795e-4,20,1e-4,CpG,Continuous (rho; Pearson correlation),CpG_20M,20000000,500,NA,NA
1200,0.05,1e-4,4.4721359549995795e-4,20,1e-4,CpG,Continuous (rho; Pearson correlation),CpG_20M,20000000,500,NA,NA
900,0.07,3.0000000000000003e-4,7.326950970650465e-4,20,1.6383560438182506e-4,CpG,Continuous (rho; Pearson correlation),CpG_20M,20000000,500,NA,NA
1000,0.07,3.0000000000000003e-4,7.326950970650465e-4,20,1.6383560438182506e-4,CpG,Continuous (rho; Pearson correlation),CpG_20M,20000000,500,NA,NA
1100,0.07,3.0000000000000003e-4,9.787209698591858e-4,20,2.1884866196096621e-4,CpG,Continuous (rho; Pearson correlation),CpG_20M,20000000,500,NA,NA
1200,0.07,2e-4,6.155870112510924e-4,20,1.3764944032233705e-4,CpG,Continuous (rho; Pearson correlation),CpG_20M,20000000,500,NA,NA
900,0.1,0.0028,0.005042973224930747,20,0.0011276430939656486,CpG,Continuous (rho; Pearson correlation),CpG_20M,20000000,500,NA,NA
1000,0.1,0.0048000000000000004,0.005596991673164583,20,0.0012515253850696293,CpG,Continuous (rho; Pearson correlation),CpG_20M,20000000,500,NA,NA
1100,0.1,0.0086,0.006021015826166492,20,0.0013463400680910334,CpG,Continuous (rho; Pearson correlation),CpG_20M,20000000,500,NA,NA
1200,0.1,0.0219,0.010207840124139876,20,0.0022825424421026655,CpG,Continuous (rho; Pearson correlation),CpG_20M,20000000,500,NA,NA
900,0.15,0.3004,0.06250423143570698,20,0.013976371037162007,CpG,Continuous (rho; Pearson correlation),CpG_20M,20000000,500,NA,NA
1000,0.15,0.3962857142857143,0.0684873293808007,21,0.014945160525375823,CpG,Continuous (rho; Pearson correlation),CpG_20M,20000000,500,NA,NA
1100,0.15,0.4993,0.0647530531692278,20,0.014479222863705156,CpG,Continuous (rho; Pearson correlation),CpG_20M,20000000,500,NA,NA
1200,0.15,0.6183,0.060601459075712544,20,0.013550898202896481,CpG,Continuous (rho; Pearson correlation),CpG_20M,20000000,500,NA,NA
900,0.18,0.6708,0.044087950376730516,20,0.009858365403100689,CpG,Continuous (rho; Pearson correlation),CpG_20M,20000000,500,NA,NA
1000,0.18,0.8047,0.04813697561181665,20,0.010763754969927156,CpG,Continuous (rho; Pearson correlation),CpG_20M,20000000,500,NA,NA
1100,0.18,0.8721,0.033210492951855804,20,0.007426091980662722,CpG,Continuous (rho; Pearson correlation),CpG_20M,20000000,500,NA,NA
1200,0.18,0.9238,0.026635156822278468,20,0.005955802124598193,CpG,Continuous (rho; Pearson correlation),CpG_20M,20000000,500,NA,NA
900,0.2,0.8792,0.03474054206770378,20,0.0077682213638576745,CpG,Continuous (rho; Pearson correlation),CpG_20M,20000000,500,NA,NA
1000,0.2,0.9318,0.021303817300637608,20,0.004763678366446176,CpG,Continuous (rho; Pearson correlation),CpG_20M,20000000,500,NA,NA
1100,0.2,0.9673999999999999,0.015232928321998969,20,0.0034061863224371497,CpG,Continuous (rho; Pearson correlation),CpG_20M,20000000,500,NA,NA
1200,0.2,0.9855,0.007810249675906661,20,0.0017464249196572996,CpG,Continuous (rho; Pearson correlation),CpG_20M,20000000,500,NA,NA
900,0.05,0,0,20,0,CpG,Continuous (rho; Pearson correlation),CpG_15M,15000000,500,NA,NA
1000,0.05,0,0,20,0,CpG,Continuous (rho; Pearson correlation),CpG_15M,15000000,500,NA,NA
1100,0.05,0,0,20,0,CpG,Continuous (rho; Pearson correlation),CpG_15M,15000000,500,NA,NA
1200,0.05,0,0,20,0,CpG,Continuous (rho; Pearson correlation),CpG_15M,15000000,500,NA,NA
900,0.07,0,0,20,0,CpG,Continuous (rho; Pearson correlation),CpG_15M,15000000,500,NA,NA
1000,0.07,0,0,20,0,CpG,Continuous (rho; Pearson correlation),CpG_15M,15000000,500,NA,NA
1100,0.07,0,0,20,0,CpG,Continuous (rho; Pearson correlation),CpG_15M,15000000,500,NA,NA
1200,0.07,1e-4,4.4721359549995795e-4,20,1e-4,CpG,Continuous (rho; Pearson correlation),CpG_15M,15000000,500,NA,NA
900,0.1,0.0027,0.0035703457004963306,20,7.983535689483899e-4,CpG,Continuous (rho; Pearson correlation),CpG_15M,15000000,500,NA,NA
1000,0.1,0.0049,0.005485867009152269,20,0.0012266771547987934,CpG,Continuous (rho; Pearson correlation),CpG_15M,15000000,500,NA,NA
1100,0.1,0.0107,0.005704107476657777,20,0.0012754772068771585,CpG,Continuous (rho; Pearson correlation),CpG_15M,15000000,500,NA,NA
1200,0.1,0.0212,0.013351916874011998,20,0.0029855793760217323,CpG,Continuous (rho; Pearson correlation),CpG_15M,15000000,500,NA,NA
900,0.15,0.31895238095238093,0.06799593825404293,21,0.014837930190414057,CpG,Continuous (rho; Pearson correlation),CpG_15M,15000000,500,NA,NA
1000,0.15,0.4337,0.05783925092329966,20,0.01293324968321655,CpG,Continuous (rho; Pearson correlation),CpG_15M,15000000,500,NA,NA
1100,0.15,0.5366,0.04790385107033067,20,0.010711626737728543,CpG,Continuous (rho; Pearson correlation),CpG_15M,15000000,500,NA,NA
1200,0.15,0.6274,0.050442671994004616,20,0.011279324354531918,CpG,Continuous (rho; Pearson correlation),CpG_15M,15000000,500,NA,NA
900,0.18,0.6957,0.058017329534508826,20,0.012973069271216796,CpG,Continuous (rho; Pearson correlation),CpG_15M,15000000,500,NA,NA
1000,0.18,0.8247,0.03733926957817437,20,0.00834931450069878,CpG,Continuous (rho; Pearson correlation),CpG_15M,15000000,500,NA,NA
1100,0.18,0.8941,0.02439564240640228,20,0.005455031477549204,CpG,Continuous (rho; Pearson correlation),CpG_15M,15000000,500,NA,NA
1200,0.18,0.9269,0.03133167222173955,20,0.007005974893655149,CpG,Continuous (rho; Pearson correlation),CpG_15M,15000000,500,NA,NA
900,0.2,0.8922,0.03977780391387297,20,0.008894587354707715,CpG,Continuous (rho; Pearson correlation),CpG_15M,15000000,500,NA,NA
1000,0.2,0.9507,0.017195776715289848,20,0.0038450925661296146,CpG,Continuous (rho; Pearson correlation),CpG_15M,15000000,500,NA,NA
1100,0.2,0.9724999999999999,0.01160535266703757,20,0.002595035746635449,CpG,Continuous (rho; Pearson correlation),CpG_15M,15000000,500,NA,NA
1200,0.2,0.9862,0.007105224171433008,20,0.0015887764242698823,CpG,Continuous (rho; Pearson correlation),CpG_15M,15000000,500,NA,NA
900,0.05,0,0,20,0,CpG,Continuous (rho; Pearson correlation),CpG_20M,20000000,1000,NA,NA
1000,0.05,5e-5,2.2360679774997898e-4,20,5e-5,CpG,Continuous (rho; Pearson correlation),CpG_20M,20000000,1000,NA,NA
1100,0.05,0,0,20,0,CpG,Continuous (rho; Pearson correlation),CpG_20M,20000000,1000,NA,NA
1200,0.05,1.5000000000000001e-4,3.6634754853252327e-4,20,8.191780219091253e-5,CpG,Continuous (rho; Pearson correlation),CpG_20M,20000000,1000,NA,NA
900,0.07,1e-4,3.077935056255462e-4,20,6.882472016116852e-5,CpG,Continuous (rho; Pearson correlation),CpG_20M,20000000,1000,NA,NA
1000,0.07,1e-4,3.077935056255462e-4,20,6.882472016116852e-5,CpG,Continuous (rho; Pearson correlation),CpG_20M,20000000,1000,NA,NA
1100,0.07,5e-5,2.2360679774997898e-4,20,5e-5,CpG,Continuous (rho; Pearson correlation),CpG_20M,20000000,1000,NA,NA
1200,0.07,3.0000000000000003e-4,7.326950970650465e-4,20,1.6383560438182506e-4,CpG,Continuous (rho; Pearson correlation),CpG_20M,20000000,1000,NA,NA
900,0.1,0.00425,0.005003945811478231,20,0.001118916299019067,CpG,Continuous (rho; Pearson correlation),CpG_20M,20000000,1000,NA,NA
1000,0.1,0.009,0.004801315609179151,20,0.0010736068083555394,CpG,Continuous (rho; Pearson correlation),CpG_20M,20000000,1000,NA,NA
1100,0.1,0.01685,0.008412240455056204,20,0.0018810341500579437,CpG,Continuous (rho; Pearson correlation),CpG_20M,20000000,1000,NA,NA
1200,0.1,0.0287,0.009291195606027982,20,0.002077574496732592,CpG,Continuous (rho; Pearson correlation),CpG_20M,20000000,1000,NA,NA
900,0.15,0.31935,0.048284545854973646,20,0.010796752679442677,CpG,Continuous (rho; Pearson correlation),CpG_20M,20000000,1000,NA,NA
1000,0.15,0.46725,0.04378521139428364,20,0.009790670908681656,CpG,Continuous (rho; Pearson correlation),CpG_20M,20000000,1000,NA,NA
1100,0.15,0.56915,0.04608490448132263,20,0.01030489791568221,CpG,Continuous (rho; Pearson correlation),CpG_20M,20000000,1000,NA,NA
1200,0.15,0.6812,0.045843670285691106,20,0.010250956309689252,CpG,Continuous (rho; Pearson correlation),CpG_20M,20000000,1000,NA,NA
900,0.18,0.75895,0.051496014153371246,20,0.011514858821722937,CpG,Continuous (rho; Pearson correlation),CpG_20M,20000000,1000,NA,NA
1000,0.18,0.8324,0.03411651861056844,20,0.007628685476886771,CpG,Continuous (rho; Pearson correlation),CpG_20M,20000000,1000,NA,NA
1100,0.18,0.90825,0.020720889535874046,20,0.004633331755647843,CpG,Continuous (rho; Pearson correlation),CpG_20M,20000000,1000,NA,NA
1200,0.18,0.941,0.01766650115778146,20,0.003950349751337808,CpG,Continuous (rho; Pearson correlation),CpG_20M,20000000,1000,NA,NA
900,0.2,0.9142,0.018944795146897068,20,0.004236184976826996,CpG,Continuous (rho; Pearson correlation),CpG_20M,20000000,1000,NA,NA
1000,0.2,0.95855,0.014207021985068173,20,0.0031767866916446435,CpG,Continuous (rho; Pearson correlation),CpG_20M,20000000,1000,NA,NA
1100,0.2,0.97455,0.00797017466624957,20,0.0017821852346280734,CpG,Continuous (rho; Pearson correlation),CpG_20M,20000000,1000,NA,NA
1200,0.2,0.9882,0.00617805965110662,20,0.0013814561348923034,CpG,Continuous (rho; Pearson correlation),CpG_20M,20000000,1000,NA,NA
900,0.05,5e-5,2.2360679774997898e-4,20,5e-5,CpG,Continuous (rho; Pearson correlation),CpG_15M,15000000,1000,NA,NA
1000,0.05,2e-4,4.103913408340616e-4,20,9.17662935482247e-5,CpG,Continuous (rho; Pearson correlation),CpG_15M,15000000,1000,NA,NA
1100,0.05,1e-4,4.4721359549995795e-4,20,1e-4,CpG,Continuous (rho; Pearson correlation),CpG_15M,15000000,1000,NA,NA
1200,0.05,2e-4,5.23148363780597e-4,20,1.1697953037312036e-4,CpG,Continuous (rho; Pearson correlation),CpG_15M,15000000,1000,NA,NA
900,0.07,1e-4,3.077935056255462e-4,20,6.882472016116852e-5,CpG,Continuous (rho; Pearson correlation),CpG_15M,15000000,1000,NA,NA
1000,0.07,3.5e-4,5.871429486123998e-4,20,1.3128915456069918e-4,CpG,Continuous (rho; Pearson correlation),CpG_15M,15000000,1000,NA,NA
1100,0.07,1e-4,3.077935056255462e-4,20,6.882472016116852e-5,CpG,Continuous (rho; Pearson correlation),CpG_15M,15000000,1000,NA,NA
1200,0.07,2.5e-4,7.16350399411379e-4,20,1.6018081887929686e-4,CpG,Continuous (rho; Pearson correlation),CpG_15M,15000000,1000,NA,NA
900,0.1,0.00435,0.004602916695451174,20,0.0010292434625797523,CpG,Continuous (rho; Pearson correlation),CpG_15M,15000000,1000,NA,NA
1000,0.1,0.009899999999999999,0.007587385653348034,20,0.0016965910092392859,CpG,Continuous (rho; Pearson correlation),CpG_15M,15000000,1000,NA,NA
1100,0.1,0.0187,0.009364546803882464,20,0.002093976323195958,CpG,Continuous (rho; Pearson correlation),CpG_15M,15000000,1000,NA,NA
1200,0.1,0.0357,0.01792410902138587,20,0.0040079526207936035,CpG,Continuous (rho; Pearson correlation),CpG_15M,15000000,1000,NA,NA
900,0.15,0.38115,0.05722832846543195,20,0.012796643268739206,CpG,Continuous (rho; Pearson correlation),CpG_15M,15000000,1000,NA,NA
1000,0.15,0.47075,0.04715581674228091,20,0.010544361177026278,CpG,Continuous (rho; Pearson correlation),CpG_15M,15000000,1000,NA,NA
1100,0.15,0.59865,0.05297991178391655,20,0.011846668419077954,CpG,Continuous (rho; Pearson correlation),CpG_15M,15000000,1000,NA,NA
1200,0.15,0.69985,0.04326816624871356,20,0.00967505609938856,CpG,Continuous (rho; Pearson correlation),CpG_15M,15000000,1000,NA,NA
900,0.18,0.78505,0.03474641215859181,20,0.007769533956083649,CpG,Continuous (rho; Pearson correlation),CpG_15M,15000000,1000,NA,NA
1000,0.18,0.86385,0.04055441438753358,20,0.009068242735822058,CpG,Continuous (rho; Pearson correlation),CpG_15M,15000000,1000,NA,NA
1100,0.18,0.9186000000000001,0.020500064184751896,20,0.0045839537060214045,CpG,Continuous (rho; Pearson correlation),CpG_15M,15000000,1000,NA,NA
1200,0.18,0.94855,0.013100723162040352,20,0.002929410754472822,CpG,Continuous (rho; Pearson correlation),CpG_15M,15000000,1000,NA,NA
900,0.2,0.9159,0.024255004909459293,20,0.005423583977214211,CpG,Continuous (rho; Pearson correlation),CpG_15M,15000000,1000,NA,NA
1000,0.2,0.95614999999999994,0.011988042287827353,20,0.002680607747272406,CpG,Continuous (rho; Pearson correlation),CpG_15M,15000000,1000,NA,NA
1100,0.2,0.9823,0.0065622525015985875,20,0.001467364267909249,CpG,Continuous (rho; Pearson correlation),CpG_15M,15000000,1000,NA,NA
1200,0.2,0.98895,0.005316063046634185,20,0.001188707834494867,CpG,Continuous (rho; Pearson correlation),CpG_15M,15000000,1000,NA,NA
900,NA,0.4485,0.022802354449070663,20,0.005098761459516677,CpG,Binary (delta; 25_75),CpG_20M,20000000,500,0.01,0.25
1000,NA,0.4723,0.019876195760123134,20,0.004444452485372843,CpG,Binary (delta; 25_75),CpG_20M,20000000,500,0.01,0.25
1100,NA,0.4993,0.025631189881408986,20,0.005731308291903527,CpG,Binary (delta; 25_75),CpG_20M,20000000,500,0.01,0.25
1200,NA,0.5176000000000001,0.02043320311340551,20,0.0045690031159635065,CpG,Binary (delta; 25_75),CpG_20M,20000000,500,0.01,0.25
900,NA,0.7771,0.020990975504525257,20,0.004693724814215141,CpG,Binary (delta; 25_75),CpG_20M,20000000,500,0.02,0.25
1000,NA,0.8035,0.019914290029233284,20,0.0044529706229011895,CpG,Binary (delta; 25_75),CpG_20M,20000000,500,0.02,0.25
1100,NA,0.8182,0.015839989367354187,20,0.003541929298827785,CpG,Binary (delta; 25_75),CpG_20M,20000000,500,0.02,0.25
1200,NA,0.8353999999999999,0.01710770832725781,20,0.003825399875898768,CpG,Binary (delta; 25_75),CpG_20M,20000000,500,0.02,0.25
900,NA,0.91,0.0126324561098949,20,0.002824703058450755,CpG,Binary (delta; 25_75),CpG_20M,20000000,500,0.03,0.25
1000,NA,0.9219,0.013162546546126518,20,0.002943234883414396,CpG,Binary (delta; 25_75),CpG_20M,20000000,500,0.03,0.25
1100,NA,0.929,0.012740321403861193,20,0.002848822471422918,CpG,Binary (delta; 25_75),CpG_20M,20000000,500,0.03,0.25
1200,NA,0.9337,0.013143339317732455,20,0.0029389400165795478,CpG,Binary (delta; 25_75),CpG_20M,20000000,500,0.03,0.25
900,NA,0.9803,0.0052825432471390885,20,0.0011812125794685472,CpG,Binary (delta; 25_75),CpG_20M,20000000,500,0.05,0.25
1000,NA,0.9835,0.005424117682312857,20,0.0012128695855610158,CpG,Binary (delta; 25_75),CpG_20M,20000000,500,0.05,0.25
1100,NA,0.9859,0.005562089724668527,20,0.0012437210721311914,CpG,Binary (delta; 25_75),CpG_20M,20000000,500,0.05,0.25
1200,NA,0.9892,0.004829732475973563,20,0.0010799610129415256,CpG,Binary (delta; 25_75),CpG_20M,20000000,500,0.05,0.25
900,NA,0.5147,0.02544984748170617,20,0.005690758898609683,CpG,Binary (delta; 50_50),CpG_20M,20000000,500,0.01,0.5
1000,NA,0.5431,0.025983598065338304,20,0.005810109157412847,CpG,Binary (delta; 50_50),CpG_20M,20000000,500,0.01,0.5
1100,NA,0.5649,0.03166585409853131,20,0.0070807002329906325,CpG,Binary (delta; 50_50),CpG_20M,20000000,500,0.01,0.5
1200,NA,0.5865,0.028021608203595106,20,0.006265822078210442,CpG,Binary (delta; 50_50),CpG_20M,20000000,500,0.01,0.5
900,NA,0.8303,0.02092870101835728,20,0.004679799815781594,CpG,Binary (delta; 50_50),CpG_20M,20000000,500,0.02,0.5
1000,NA,0.8512,0.011651067265321785,20,0.002605257841568209,CpG,Binary (delta; 50_50),CpG_20M,20000000,500,0.02,0.5
1100,NA,0.8586,0.016391268535733493,20,0.003665199068335353,CpG,Binary (delta; 50_50),CpG_20M,20000000,500,0.02,0.5
1200,NA,0.8789,0.016305956289844402,20,0.0036461226702232345,CpG,Binary (delta; 50_50),CpG_20M,20000000,500,0.02,0.5
900,NA,0.9352,0.010846294540678727,20,0.002425305189694249,CpG,Binary (delta; 50_50),CpG_20M,20000000,500,0.03,0.5
1000,NA,0.9435,0.006517183763753011,20,0.001457286591760966,CpG,Binary (delta; 50_50),CpG_20M,20000000,500,0.03,0.5
1100,NA,0.9507,0.010016302500896909,20,0.0022397133275206633,CpG,Binary (delta; 50_50),CpG_20M,20000000,500,0.03,0.5
1200,NA,0.9601,0.010432237485188334,20,0.002332719217430257,CpG,Binary (delta; 50_50),CpG_20M,20000000,500,0.03,0.5
900,NA,0.9878,0.003994733374937823,20,8.932495378348127e-4,CpG,Binary (delta; 50_50),CpG_20M,20000000,500,0.05,0.5
1000,NA,0.9919,0.005210313658605658,20,0.0011650615524737883,CpG,Binary (delta; 50_50),CpG_20M,20000000,500,0.05,0.5
1100,NA,0.9919,0.003210181172129504,20,7.178183320971525e-4,CpG,Binary (delta; 50_50),CpG_20M,20000000,500,0.05,0.5
1200,NA,0.994,0.0036706517419289914,20,8.207826816681239e-4,CpG,Binary (delta; 50_50),CpG_20M,20000000,500,0.05,0.5
900,NA,0.455,0.025764112126836637,20,0.00576103060955334,CpG,Binary (delta; 25_75),CpG_15M,15000000,500,0.01,0.25
1000,NA,0.482,0.024776899258020676,20,0.005540283101259833,CpG,Binary (delta; 25_75),CpG_15M,15000000,500,0.01,0.25
1100,NA,0.5019,0.029999824560890544,20,0.0067081647031219035,CpG,Binary (delta; 25_75),CpG_15M,15000000,500,0.01,0.25
1200,NA,0.5244,0.02123155546276394,20,0.0047475201282797174,CpG,Binary (delta; 25_75),CpG_15M,15000000,500,0.01,0.25
900,NA,0.7826000000000001,0.021531861336902106,20,0.004814670563141261,CpG,Binary (delta; 25_75),CpG_15M,15000000,500,0.02,0.25
1000,NA,0.7954,0.015762714166498625,20,0.003524650038618986,CpG,Binary (delta; 25_75),CpG_15M,15000000,500,0.02,0.25
1100,NA,0.8192,0.016637307474468305,20,0.0037202150475476475,CpG,Binary (delta; 25_75),CpG_15M,15000000,500,0.02,0.25
1200,NA,0.8371999999999999,0.012146474472259982,20,0.00271603426069392,CpG,Binary (delta; 25_75),CpG_15M,15000000,500,0.02,0.25
900,NA,0.9089,0.01305010586768916,20,0.0029180923833721836,CpG,Binary (delta; 25_75),CpG_15M,15000000,500,0.03,0.25
1000,NA,0.9216000000000001,0.011435862336020883,20,0.0025571365564672236,CpG,Binary (delta; 25_75),CpG_15M,15000000,500,0.03,0.25
1100,NA,0.9341,0.012182385904074318,20,0.0027240643009645406,CpG,Binary (delta; 25_75),CpG_15M,15000000,500,0.03,0.25
1200,NA,0.9413,0.008903577045801627,20,0.0019909003517319195,CpG,Binary (delta; 25_75),CpG_15M,15000000,500,0.03,0.25
900,NA,0.9824999999999999,0.004850393364405996,20,0.0010845809280425715,CpG,Binary (delta; 25_75),CpG_15M,15000000,500,0.05,0.25
1000,NA,0.9823999999999999,0.0046611496210134384,20,0.001042264740588343,CpG,Binary (delta; 25_75),CpG_15M,15000000,500,0.05,0.25
1100,NA,0.988,0.003838859479749576,20,8.583950752789529e-4,CpG,Binary (delta; 25_75),CpG_15M,15000000,500,0.05,0.25
1200,NA,0.9903,0.0042190046219458014,20,9.433981132056612e-4,CpG,Binary (delta; 25_75),CpG_15M,15000000,500,0.05,0.25
900,NA,0.52,0.022895644265138945,20,0.00511962169655039,CpG,Binary (delta; 50_50),CpG_15M,15000000,500,0.01,0.5
1000,NA,0.5469,0.019460891957705156,20,0.004351587732020769,CpG,Binary (delta; 50_50),CpG_15M,15000000,500,0.01,0.5
1100,NA,0.5787,0.02343434276980327,20,0.005240078344131082,CpG,Binary (delta; 50_50),CpG_15M,15000000,500,0.01,0.5
1200,NA,0.6011,0.02360619900744183,20,0.005278506567102799,CpG,Binary (delta; 50_50),CpG_15M,15000000,500,0.01,0.5
900,NA,0.8296,0.018835576640188662,20,0.004211762976286894,CpG,Binary (delta; 50_50),CpG_15M,15000000,500,0.02,0.5
1000,NA,0.8528,0.018357846450926373,20,0.004104939258477463,CpG,Binary (delta; 50_50),CpG_15M,15000000,500,0.02,0.5
1100,NA,0.8665,0.019225805027289992,20,0.004299020696317762,CpG,Binary (delta; 50_50),CpG_15M,15000000,500,0.02,0.5
1200,NA,0.8785000000000001,0.012894307189404831,20,0.0028832547398273457,CpG,Binary (delta; 50_50),CpG_15M,15000000,500,0.02,0.5
900,NA,0.9399,0.009872343080279178,20,0.0022075230224703904,CpG,Binary (delta; 50_50),CpG_15M,15000000,500,0.03,0.5
1000,NA,0.945,0.010612802596268699,20,0.0023730948037043063,CpG,Binary (delta; 50_50),CpG_15M,15000000,500,0.03,0.5
1100,NA,0.9508,0.007904695473344681,20,0.0017675436419833583,CpG,Binary (delta; 50_50),CpG_15M,15000000,500,0.03,0.5
1200,NA,0.9639,0.00795976725393665,20,0.001779858066487918,CpG,Binary (delta; 50_50),CpG_15M,15000000,500,0.03,0.5
900,NA,0.9883,0.0037430637605829664,20,8.36974501277951e-4,CpG,Binary (delta; 50_50),CpG_15M,15000000,500,0.05,0.5
1000,NA,0.9903,0.004117996446919562,20,9.208119986414744e-4,CpG,Binary (delta; 50_50),CpG_15M,15000000,500,0.05,0.5
1100,NA,0.992,0.0038933141071383045,20,8.705715001320148e-4,CpG,Binary (delta; 50_50),CpG_15M,15000000,500,0.05,0.5
1200,NA,0.9938,0.005022056613736945,20,0.0011229659975168214,CpG,Binary (delta; 50_50),CpG_15M,15000000,500,0.05,0.5
900,NA,0.46825,0.018098778673537173,20,0.004047009942375259,CpG,Binary (delta; 25_75),CpG_20M,20000000,1000,0.01,0.25
1000,NA,0.49,0.016584710777669525,20,0.003708454068604246,CpG,Binary (delta; 25_75),CpG_20M,20000000,1000,0.01,0.25
1100,NA,0.5149,0.014356000029329396,20,0.0032100991950569503,CpG,Binary (delta; 25_75),CpG_20M,20000000,1000,0.01,0.25
1200,NA,0.52945,0.016662201156162446,20,0.0037257814439954815,CpG,Binary (delta; 25_75),CpG_20M,20000000,1000,0.01,0.25
900,NA,0.7904,0.011971017632511228,20,0.00267680091861437,CpG,Binary (delta; 25_75),CpG_20M,20000000,1000,0.02,0.25
1000,NA,0.8084,0.00926453339069852,20,0.002071612644141851,CpG,Binary (delta; 25_75),CpG_20M,20000000,1000,0.02,0.25
1100,NA,0.82775,0.010077985387649865,20,0.0022535060403034665,CpG,Binary (delta; 25_75),CpG_20M,20000000,1000,0.02,0.25
1200,NA,0.84715,0.011613399701705749,20,0.0025968351182889832,CpG,Binary (delta; 25_75),CpG_20M,20000000,1000,0.02,0.25
900,NA,0.913,0.010848235364625715,20,0.0024257391711220316,CpG,Binary (delta; 25_75),CpG_20M,20000000,1000,0.03,0.25
1000,NA,0.9244,0.00902277819276245,20,0.002017554538491954,CpG,Binary (delta; 25_75),CpG_20M,20000000,1000,0.03,0.25
1100,NA,0.93545,0.007104298180086362,20,0.0015885693663101148,CpG,Binary (delta; 25_75),CpG_20M,20000000,1000,0.03,0.25
1200,NA,0.9409,0.007062875514003862,20,0.0015793069765931403,CpG,Binary (delta; 25_75),CpG_20M,20000000,1000,0.03,0.25
900,NA,0.9822,0.005482988044372967,20,0.0012260333987036587,CpG,Binary (delta; 25_75),CpG_20M,20000000,1000,0.05,0.25
1000,NA,0.986,0.0045883146774112395,20,0.001025978352085155,CpG,Binary (delta; 25_75),CpG_20M,20000000,1000,0.05,0.25
1100,NA,0.9874499999999999,0.0033478194002726797,20,7.48595175540229e-4,CpG,Binary (delta; 25_75),CpG_20M,20000000,1000,0.05,0.25
1200,NA,0.9904,0.00268328157299975,20,6.000000000000005e-4,CpG,Binary (delta; 25_75),CpG_20M,20000000,1000,0.05,0.25
900,NA,0.5323,0.01584165063170005,20,0.0035423007688283794,CpG,Binary (delta; 50_50),CpG_20M,20000000,1000,0.01,0.5
1000,NA,0.55875,0.014472751166097917,20,0.003236205542883429,CpG,Binary (delta; 50_50),CpG_20M,20000000,1000,0.01,0.5
1100,NA,0.58585,0.01661728649708836,20,0.003715738220907893,CpG,Binary (delta; 50_50),CpG_20M,20000000,1000,0.01,0.5
1200,NA,0.61025,0.015996298914041612,20,0.003576881176020311,CpG,Binary (delta; 50_50),CpG_20M,20000000,1000,0.01,0.5
900,NA,0.84585,0.013132021931142223,20,0.002936409372005207,CpG,Binary (delta; 50_50),CpG_20M,20000000,1000,0.02,0.5
1000,NA,0.8607,0.011355962959469458,20,0.0025392705127343395,CpG,Binary (delta; 50_50),CpG_20M,20000000,1000,0.02,0.5
1100,NA,0.8711,0.011670475568716138,20,0.00260959767013998,CpG,Binary (delta; 50_50),CpG_20M,20000000,1000,0.02,0.5
1200,NA,0.8845500000000001,0.010210804391221568,20,0.0022832052723724783,CpG,Binary (delta; 50_50),CpG_20M,20000000,1000,0.02,0.5
900,NA,0.93995,0.006117059837260966,20,0.001367816161854932,CpG,Binary (delta; 50_50),CpG_20M,20000000,1000,0.03,0.5
1000,NA,0.94765,0.007915840215402863,20,0.0017700356820667378,CpG,Binary (delta; 50_50),CpG_20M,20000000,1000,0.03,0.5
1100,NA,0.95465,0.00494469412603045,20,0.0011056672193747999,CpG,Binary (delta; 50_50),CpG_20M,20000000,1000,0.03,0.5
1200,NA,0.9611,0.006679899148308979,20,0.0014936708578461827,CpG,Binary (delta; 50_50),CpG_20M,20000000,1000,0.03,0.5
900,NA,0.98895,0.003817894156400058,20,8.537070864609743e-4,CpG,Binary (delta; 50_50),CpG_20M,20000000,1000,0.05,0.5
1000,NA,0.99175,0.0035373942238230765,20,7.909853947683505e-4,CpG,Binary (delta; 50_50),CpG_20M,20000000,1000,0.05,0.5
1100,NA,0.9937,0.0020026298499197202,20,4.478016478190696e-4,CpG,Binary (delta; 50_50),CpG_20M,20000000,1000,0.05,0.5
1200,NA,0.9936,0.0024148662379867816,20,5.399805064707628e-4,CpG,Binary (delta; 50_50),CpG_20M,20000000,1000,0.05,0.5
900,NA,0.47345,0.017560347077255734,20,0.003926612977323357,CpG,Binary (delta; 25_75),CpG_15M,15000000,1000,0.01,0.25
1000,NA,0.49119999999999997,0.01809797895084596,20,0.0040468311189451895,CpG,Binary (delta; 25_75),CpG_15M,15000000,1000,0.01,0.25
1100,NA,0.52095,0.01771848573784187,20,0.003961973856817493,CpG,Binary (delta; 25_75),CpG_15M,15000000,1000,0.01,0.25
1200,NA,0.53785,0.012970716005071225,20,0.0029003402704183764,CpG,Binary (delta; 25_75),CpG_15M,15000000,1000,0.01,0.25
900,NA,0.796,0.010356792838264982,20,0.002315849281524348,CpG,Binary (delta; 25_75),CpG_15M,15000000,1000,0.02,0.25
1000,NA,0.8121,0.012481143672293022,20,0.0027908685688188555,CpG,Binary (delta; 25_75),CpG_15M,15000000,1000,0.02,0.25
1100,NA,0.8316,0.013260150034873982,20,0.002965059686982443,CpG,Binary (delta; 25_75),CpG_15M,15000000,1000,0.02,0.25
1200,NA,0.84455,0.0125382572448025,20,0.002803639551875761,CpG,Binary (delta; 25_75),CpG_15M,15000000,1000,0.02,0.25
900,NA,0.91805,0.010399772264713045,20,0.00232545977344153,CpG,Binary (delta; 25_75),CpG_15M,15000000,1000,0.03,0.25
1000,NA,0.9267000000000001,0.010167543821809703,20,0.0022735319149774502,CpG,Binary (delta; 25_75),CpG_15M,15000000,1000,0.03,0.25
1100,NA,0.9362,0.006195074444138709,20,0.0013852607582765877,CpG,Binary (delta; 25_75),CpG_15M,15000000,1000,0.03,0.25
1200,NA,0.94365,0.007264006434033755,20,0.0016242812175495318,CpG,Binary (delta; 25_75),CpG_15M,15000000,1000,0.03,0.25
900,NA,0.983,0.003111946420861999,20,6.958523739384599e-4,CpG,Binary (delta; 25_75),CpG_15M,15000000,1000,0.05,0.25
1000,NA,0.9868,0.003105173950547362,20,6.943380035385471e-4,CpG,Binary (delta; 25_75),CpG_15M,15000000,1000,0.05,0.25
1100,NA,0.9868,0.0030881777968995204,20,6.905375480472867e-4,CpG,Binary (delta; 25_75),CpG_15M,15000000,1000,0.05,0.25
1200,NA,0.99165,0.0035581633346137296,20,7.95629509124363e-4,CpG,Binary (delta; 25_75),CpG_15M,15000000,1000,0.05,0.25
900,NA,0.54725,0.020698016686070228,20,0.004628217230947795,CpG,Binary (delta; 50_50),CpG_15M,15000000,1000,0.01,0.5
1000,NA,0.5708,0.013085146259464518,20,0.0029259276531689764,CpG,Binary (delta; 50_50),CpG_15M,15000000,1000,0.01,0.5
1100,NA,0.5859,0.016392873933190416,20,0.0036655580461198113,CpG,Binary (delta; 50_50),CpG_15M,15000000,1000,0.01,0.5
1200,NA,0.60765,0.014079754034932956,20,0.0031483287128587036,CpG,Binary (delta; 50_50),CpG_15M,15000000,1000,0.01,0.5
900,NA,0.8433499999999999,0.009033708802969147,20,0.0020199986972377266,CpG,Binary (delta; 50_50),CpG_15M,15000000,1000,0.02,0.5
1000,NA,0.8582,0.011067258491890213,20,0.002474714231242832,CpG,Binary (delta; 50_50),CpG_15M,15000000,1000,0.02,0.5
1100,NA,0.8732,0.010329314442019153,20,0.0023097049253325134,CpG,Binary (delta; 50_50),CpG_15M,15000000,1000,0.02,0.5
1200,NA,0.889,0.009547664360294734,20,0.002134922653597107,CpG,Binary (delta; 50_50),CpG_15M,15000000,1000,0.02,0.5
900,NA,0.94285,0.007464124723953667,20,0.001669029027529725,CpG,Binary (delta; 50_50),CpG_15M,15000000,1000,0.03,0.5
1000,NA,0.9511,0.006560648234980898,20,0.0014670055429881301,CpG,Binary (delta; 50_50),CpG_15M,15000000,1000,0.03,0.5
1100,NA,0.95895,0.005325954325159413,20,0.0011909195916115466,CpG,Binary (delta; 50_50),CpG_15M,15000000,1000,0.03,0.5
1200,NA,0.9643999999999999,0.0040052596998394405,20,8.956032956381392e-4,CpG,Binary (delta; 50_50),CpG_15M,15000000,1000,0.03,0.5
900,NA,0.99,0.003494356352146915,20,7.813618341008695e-4,CpG,Binary (delta; 50_50),CpG_15M,15000000,1000,0.05,0.5
1000,NA,0.99195,0.0037059695797882386,20,8.286799902952832e-4,CpG,Binary (delta; 50_50),CpG_15M,15000000,1000,0.05,0.5
1100,NA,0.993,0.002883711059326892,20,6.44817395612286e-4,CpG,Binary (delta; 50_50),CpG_15M,15000000,1000,0.05,0.5
1200,NA,0.99375,0.0017434086394791475,20,3.8983802304357973e-4,CpG,Binary (delta; 50_50),CpG_15M,15000000,1000,0.05,0.5
900,0.05,0,0,20,0,Region,Continuous (rho; Pearson correlation),Region_500K,500000,500,NA,NA
1000,0.05,2e-4,6.155870112510924e-4,20,1.3764944032233705e-4,Region,Continuous (rho; Pearson correlation),Region_500K,500000,500,NA,NA
1100,0.05,1e-4,4.4721359549995795e-4,20,1e-4,Region,Continuous (rho; Pearson correlation),Region_500K,500000,500,NA,NA
1200,0.05,1e-4,4.4721359549995795e-4,20,1e-4,Region,Continuous (rho; Pearson correlation),Region_500K,500000,500,NA,NA
900,0.07,9e-4,0.0015183093090324964,20,3.3950428258673973e-4,Region,Continuous (rho; Pearson correlation),Region_500K,500000,500,NA,NA
1000,0.07,0.0026,0.0031187041843486352,20,6.973634557916583e-4,Region,Continuous (rho; Pearson correlation),Region_500K,500000,500,NA,NA
1100,0.07,0.0034000000000000002,0.0046385115579983425,20,0.001037202715810275,Region,Continuous (rho; Pearson correlation),Region_500K,500000,500,NA,NA
1200,0.07,0.003,0.0038661826678330438,20,8.645047258706175e-4,Region,Continuous (rho; Pearson correlation),Region_500K,500000,500,NA,NA
900,0.1,0.0428,0.026200843698749775,20,0.005858686757825152,Region,Continuous (rho; Pearson correlation),Region_500K,500000,500,NA,NA
1000,0.1,0.0691,0.021130920223068474,20,0.0047250174045906125,Region,Continuous (rho; Pearson correlation),Region_500K,500000,500,NA,NA
1100,0.1,0.1046,0.03148332892182782,20,0.007039886362719216,Region,Continuous (rho; Pearson correlation),Region_500K,500000,500,NA,NA
1200,0.1,0.1561,0.039520680795329374,20,0.008837092877542693,Region,Continuous (rho; Pearson correlation),Region_500K,500000,500,NA,NA
900,0.15,0.6609,0.05260168098174489,20,0.011762093440593945,Region,Continuous (rho; Pearson correlation),Region_500K,500000,500,NA,NA
1000,0.15,0.7348,0.03277611453803711,20,0.007328962014537009,Region,Continuous (rho; Pearson correlation),Region_500K,500000,500,NA,NA
1100,0.15,0.8047,0.045270066792179806,20,0.010122694669326988,Region,Continuous (rho; Pearson correlation),Region_500K,500000,500,NA,NA
1200,0.15,0.8568,0.02549220727161436,20,0.005700230835584415,Region,Continuous (rho; Pearson correlation),Region_500K,500000,500,NA,NA
900,0.18,0.9164,0.024049072637772163,20,0.005377536121388873,Region,Continuous (rho; Pearson correlation),Region_500K,500000,500,NA,NA
1000,0.18,0.9543999999999999,0.016073515319830995,20,0.0035941472892526377,Region,Continuous (rho; Pearson correlation),Region_500K,500000,500,NA,NA
1100,0.18,0.9747,0.00927418601904176,20,0.0020737710374555533,Region,Continuous (rho; Pearson correlation),Region_500K,500000,500,NA,NA
1200,0.18,0.9863,0.007462890649212633,20,0.0016687530800286983,Region,Continuous (rho; Pearson correlation),Region_500K,500000,500,NA,NA
900,0.2,0.9807,0.008541539365760848,20,0.0019099462654331694,Region,Continuous (rho; Pearson correlation),Region_500K,500000,500,NA,NA
1000,0.2,0.9907,0.004366137640379295,20,9.762980563008633e-4,Region,Continuous (rho; Pearson correlation),Region_500K,500000,500,NA,NA
1100,0.2,0.9956,0.003346640106136305,20,7.483314773547889e-4,Region,Continuous (rho; Pearson correlation),Region_500K,500000,500,NA,NA
1200,0.2,0.999,0.0012139539573337692,20,2.714483570153187e-4,Region,Continuous (rho; Pearson correlation),Region_500K,500000,500,NA,NA
900,0.05,1e-4,4.4721359549995795e-4,20,1e-4,Region,Continuous (rho; Pearson correlation),Region_100K,100000,500,NA,NA
1000,0.05,7e-4,0.0011742858972247996,20,2.6257830912139837e-4,Region,Continuous (rho; Pearson correlation),Region_100K,100000,500,NA,NA
1100,0.05,6.000000000000001e-4,9.403246919632546e-4,20,2.1026299321513873e-4,Region,Continuous (rho; Pearson correlation),Region_100K,100000,500,NA,NA
1200,0.05,5e-4,0.0011002392084403618,20,2.4602096615832094e-4,Region,Continuous (rho; Pearson correlation),Region_100K,100000,500,NA,NA
900,0.07,0.0036,0.003530319800632351,20,7.894035056527441e-4,Region,Continuous (rho; Pearson correlation),Region_100K,100000,500,NA,NA
1000,0.07,0.0073,0.008442374323051918,20,0.0018877722877842856,Region,Continuous (rho; Pearson correlation),Region_100K,100000,500,NA,NA
1100,0.07,0.0132,0.011321149281439211,20,0.0025314859376720975,Region,Continuous (rho; Pearson correlation),Region_100K,100000,500,NA,NA
1200,0.07,0.014,0.009222398363709267,20,0.002062190965683675,Region,Continuous (rho; Pearson correlation),Region_100K,100000,500,NA,NA
900,0.1,0.1224,0.02466277826156144,20,0.005514764870685546,Region,Continuous (rho; Pearson correlation),Region_100K,100000,500,NA,NA
1000,0.1,0.1772,0.03196972251826307,20,0.007148647277264199,Region,Continuous (rho; Pearson correlation),Region_100K,100000,500,NA,NA
1100,0.1,0.2473,0.0418884483511046,20,0.009366541798505885,Region,Continuous (rho; Pearson correlation),Region_100K,100000,500,NA,NA
1200,0.1,0.31779999999999997,0.053519893005950794,20,0.011967411890982153,Region,Continuous (rho; Pearson correlation),Region_100K,100000,500,NA,NA
900,0.15,0.7842,0.03390326796855089,20,0.007581001183707099,Region,Continuous (rho; Pearson correlation),Region_100K,100000,500,NA,NA
1000,0.15,0.8462999999999999,0.03274317928170208,20,0.007321597467334859,Region,Continuous (rho; Pearson correlation),Region_100K,100000,500,NA,NA
1100,0.15,0.9063,0.026693385737018516,20,0.005968822505759672,Region,Continuous (rho; Pearson correlation),Region_100K,100000,500,NA,NA
1200,0.15,0.9396,0.01778941139820921,20,0.003977833316610537,Region,Continuous (rho; Pearson correlation),Region_100K,100000,500,NA,NA
900,0.18,0.9642999999999999,0.015179972956081577,20,0.0033943451426406836,Region,Continuous (rho; Pearson correlation),Region_100K,100000,500,NA,NA
1000,0.18,0.9832,0.006724660038364692,20,0.0015036796971359793,Region,Continuous (rho; Pearson correlation),Region_100K,100000,500,NA,NA
1100,0.18,0.9921,0.005290507885280068,20,0.001182993526698489,Region,Continuous (rho; Pearson correlation),Region_100K,100000,500,NA,NA
1200,0.18,0.9971,0.002789076436460834,20,6.236564506369298e-4,Region,Continuous (rho; Pearson correlation),Region_100K,100000,500,NA,NA
900,0.2,0.9915,0.005577209262516047,20,0.0012471019035727349,Region,Continuous (rho; Pearson correlation),Region_100K,100000,500,NA,NA
1000,0.2,0.9964999999999999,0.0031034785237485435,20,6.939588945812439e-4,Region,Continuous (rho; Pearson correlation),Region_100K,100000,500,NA,NA
1100,0.2,0.9987,0.0017501879598308427,20,3.9135392515834353e-4,Region,Continuous (rho; Pearson correlation),Region_100K,100000,500,NA,NA
1200,0.2,0.9994,0.0011424811411549598,20,2.554665494634023e-4,Region,Continuous (rho; Pearson correlation),Region_100K,100000,500,NA,NA
900,0.05,0.001,0.0016543403837370222,20,3.699217555959069e-4,Region,Continuous (rho; Pearson correlation),Region_20K,20000,500,NA,NA
1000,0.05,0.0012000000000000001,0.002546411303445653,20,5.693948773178324e-4,Region,Continuous (rho; Pearson correlation),Region_20K,20000,500,NA,NA
1100,0.05,0.0023,0.0031970381029288574,20,7.148794524805894e-4,Region,Continuous (rho; Pearson correlation),Region_20K,20000,500,NA,NA
1200,0.05,0.0037,0.004117996446919558,20,9.208119986414737e-4,Region,Continuous (rho; Pearson correlation),Region_20K,20000,500,NA,NA
900,0.07,0.015,0.015927467172350905,20,0.003561489930677298,Region,Continuous (rho; Pearson correlation),Region_20K,20000,500,NA,NA
1000,0.07,0.0296,0.014989118860377562,20,0.0033516688694628406,Region,Continuous (rho; Pearson correlation),Region_20K,20000,500,NA,NA
1100,0.07,0.0506,0.024743739240037012,20,0.005532868295825174,Region,Continuous (rho; Pearson correlation),Region_20K,20000,500,NA,NA
1200,0.07,0.0674,0.026390588434037177,20,0.005901114970472685,Region,Continuous (rho; Pearson correlation),Region_20K,20000,500,NA,NA
900,0.1,0.2956,0.04973868556873274,20,0.011121908204317419,Region,Continuous (rho; Pearson correlation),Region_20K,20000,500,NA,NA
1000,0.1,0.3805,0.04541214769084079,20,0.01015446492409801,Region,Continuous (rho; Pearson correlation),Region_20K,20000,500,NA,NA
1100,0.1,0.4468,0.03834689310134936,20,0.00857462597005349,Region,Continuous (rho; Pearson correlation),Region_20K,20000,500,NA,NA
1200,0.1,0.5504,0.04132337174809889,20,0.009240186828824343,Region,Continuous (rho; Pearson correlation),Region_20K,20000,500,NA,NA
900,0.15,0.9014,0.02614212168734186,20,0.00584555611689679,Region,Continuous (rho; Pearson correlation),Region_20K,20000,500,NA,NA
1000,0.15,0.9398,0.020301931461135177,20,0.004539649882163988,Region,Continuous (rho; Pearson correlation),Region_20K,20000,500,NA,NA
1100,0.15,0.9595,0.013655536760249514,20,0.003053470846516516,Region,Continuous (rho; Pearson correlation),Region_20K,20000,500,NA,NA
1200,0.15,0.9749,0.009936111703753832,20,0.002221782120162482,Region,Continuous (rho; Pearson correlation),Region_20K,20000,500,NA,NA
900,0.18,0.9895,0.007863975156570498,20,0.0017584383023461186,Region,Continuous (rho; Pearson correlation),Region_20K,20000,500,NA,NA
1000,0.18,0.9933,0.004117996446919562,20,9.208119986414744e-4,Region,Continuous (rho; Pearson correlation),Region_20K,20000,500,NA,NA
1100,0.18,0.997,0.0030087591427276766,20,6.727789971063076e-4,Region,Continuous (rho; Pearson correlation),Region_20K,20000,500,NA,NA
1200,0.18,0.9984999999999999,0.0020390916450326877,20,4.559547530644961e-4,Region,Continuous (rho; Pearson correlation),Region_20K,20000,500,NA,NA
900,0.2,0.998,0.00205195670417031,20,4.588314677411239e-4,Region,Continuous (rho; Pearson correlation),Region_20K,20000,500,NA,NA
1000,0.2,0.9991,0.0012096106376585998,20,2.704771612111496e-4,Region,Continuous (rho; Pearson correlation),Region_20K,20000,500,NA,NA
1100,0.2,0.9998,6.155870112510931e-4,20,1.3764944032233718e-4,Region,Continuous (rho; Pearson correlation),Region_20K,20000,500,NA,NA
1200,0.2,1,0,20,0,Region,Continuous (rho; Pearson correlation),Region_20K,20000,500,NA,NA
900,0.05,2e-4,4.103913408340616e-4,20,9.17662935482247e-5,Region,Continuous (rho; Pearson correlation),Region_500K,500000,1000,NA,NA
1000,0.05,1.5000000000000001e-4,3.6634754853252327e-4,20,8.191780219091253e-5,Region,Continuous (rho; Pearson correlation),Region_500K,500000,1000,NA,NA
1100,0.05,2.5e-4,4.442616583193193e-4,20,9.933992677987828e-5,Region,Continuous (rho; Pearson correlation),Region_500K,500000,1000,NA,NA
1200,0.05,2e-4,5.23148363780597e-4,20,1.1697953037312036e-4,Region,Continuous (rho; Pearson correlation),Region_500K,500000,1000,NA,NA
900,0.07,0.0011,0.0017137217117324383,20,3.831998241951031e-4,Region,Continuous (rho; Pearson correlation),Region_500K,500000,1000,NA,NA
1000,0.07,0.0013,0.001525226471535845,20,3.4105100714362975e-4,Region,Continuous (rho; Pearson correlation),Region_500K,500000,1000,NA,NA
1100,0.07,0.00265,0.002661123624969051,20,5.950453321961455e-4,Region,Continuous (rho; Pearson correlation),Region_500K,500000,1000,NA,NA
1200,0.07,0.0055,0.0036920968225885435,20,8.255779474818964e-4,Region,Continuous (rho; Pearson correlation),Region_500K,500000,1000,NA,NA
900,0.1,0.0614,0.015984861259131535,20,0.0035743236386320994,Region,Continuous (rho; Pearson correlation),Region_500K,500000,1000,NA,NA
1000,0.1,0.11345,0.03976572843410186,20,0.008891887195344802,Region,Continuous (rho; Pearson correlation),Region_500K,500000,1000,NA,NA
1100,0.1,0.16035,0.033506126698199384,20,0.00749219769598944,Region,Continuous (rho; Pearson correlation),Region_500K,500000,1000,NA,NA
1200,0.1,0.22065,0.0277531885318464,20,0.006205801614957613,Region,Continuous (rho; Pearson correlation),Region_500K,500000,1000,NA,NA
900,0.15,0.7074,0.04630721212442876,20,0.010354607415872515,Region,Continuous (rho; Pearson correlation),Region_500K,500000,1000,NA,NA
1000,0.15,0.8035,0.030275054869783807,20,0.006769708071137263,Region,Continuous (rho; Pearson correlation),Region_500K,500000,1000,NA,NA
1100,0.15,0.8553499999999999,0.02238720264135882,20,0.005005930693214116,Region,Continuous (rho; Pearson correlation),Region_500K,500000,1000,NA,NA
1200,0.15,0.9073,0.02314735406045365,20,0.005175905717843014,Region,Continuous (rho; Pearson correlation),Region_500K,500000,1000,NA,NA
900,0.18,0.93315,0.016588756496653454,20,0.0037093587188708386,Region,Continuous (rho; Pearson correlation),Region_500K,500000,1000,NA,NA
1000,0.18,0.9699,0.01191593360522837,20,0.002664483755666478,Region,Continuous (rho; Pearson correlation),Region_500K,500000,1000,NA,NA
1100,0.18,0.98435,0.007706968821855499,20,0.0017233306186140362,Region,Continuous (rho; Pearson correlation),Region_500K,500000,1000,NA,NA
1200,0.18,0.99315,0.0035876249290552895,20,8.022173219140487e-4,Region,Continuous (rho; Pearson correlation),Region_500K,500000,1000,NA,NA
900,0.2,0.98705,0.005423875095596472,20,0.001212815341522188,Region,Continuous (rho; Pearson correlation),Region_500K,500000,1000,NA,NA
1000,0.2,0.99485,0.0034530688105692793,20,7.721296591417252e-4,Region,Continuous (rho; Pearson correlation),Region_500K,500000,1000,NA,NA
1100,0.2,0.998,0.0014867838833500576,20,3.3245498310218466e-4,Region,Continuous (rho; Pearson correlation),Region_500K,500000,1000,NA,NA
1200,0.2,0.9988,0.001436369692919217,20,3.2118202741878674e-4,Region,Continuous (rho; Pearson correlation),Region_500K,500000,1000,NA,NA
900,0.05,2.5e-4,5.501196042201809e-4,20,1.2301048307916047e-4,Region,Continuous (rho; Pearson correlation),Region_100K,100000,1000,NA,NA
1000,0.05,5.5e-4,6.863327411532598e-4,20,1.534686664402456e-4,Region,Continuous (rho; Pearson correlation),Region_100K,100000,1000,NA,NA
1100,0.05,7.5e-4,7.16350399411379e-4,20,1.6018081887929686e-4,Region,Continuous (rho; Pearson correlation),Region_100K,100000,1000,NA,NA
1200,0.05,0.0013,0.0018666040089734591,20,4.173853451138282e-4,Region,Continuous (rho; Pearson correlation),Region_100K,100000,1000,NA,NA
900,0.07,0.0044,0.003299122690400554,20,7.377062601847631e-4,Region,Continuous (rho; Pearson correlation),Region_100K,100000,1000,NA,NA
1000,0.07,0.0095,0.006901563514694944,20,0.0015432365169890264,Region,Continuous (rho; Pearson correlation),Region_100K,100000,1000,NA,NA
1100,0.07,0.0193,0.008046574949694598,20,0.0017992688573564071,Region,Continuous (rho; Pearson correlation),Region_100K,100000,1000,NA,NA
1200,0.07,0.0288,0.011879216702867417,20,0.0026562736067062462,Region,Continuous (rho; Pearson correlation),Region_100K,100000,1000,NA,NA
900,0.1,0.17815,0.03155992628902071,20,0.0070570140547132985,Region,Continuous (rho; Pearson correlation),Region_100K,100000,1000,NA,NA
1000,0.1,0.2449,0.03978613881875525,20,0.008896451096097992,Region,Continuous (rho; Pearson correlation),Region_100K,100000,1000,NA,NA
1100,0.1,0.3184,0.04127494461088445,20,0.009229358191747623,Region,Continuous (rho; Pearson correlation),Region_100K,100000,1000,NA,NA
1200,0.1,0.40745,0.0393840403155764,20,0.008806539137422109,Region,Continuous (rho; Pearson correlation),Region_100K,100000,1000,NA,NA
900,0.15,0.8406,0.02290805420301823,20,0.005122396643019853,Region,Continuous (rho; Pearson correlation),Region_100K,100000,1000,NA,NA
1000,0.15,0.89745,0.01934037228183575,20,0.004324638713233746,Region,Continuous (rho; Pearson correlation),Region_100K,100000,1000,NA,NA
1100,0.15,0.94085,0.013480102295410667,20,0.0030142425076189203,Region,Continuous (rho; Pearson correlation),Region_100K,100000,1000,NA,NA
1200,0.15,0.96195,0.011909637848575013,20,0.0026630759816818074,Region,Continuous (rho; Pearson correlation),Region_100K,100000,1000,NA,NA
900,0.18,0.97155,0.006613184597931307,20,0.0014787530308729016,Region,Continuous (rho; Pearson correlation),Region_100K,100000,1000,NA,NA
1000,0.18,0.98785,0.004826189517948703,20,0.0010791687834430241,Region,Continuous (rho; Pearson correlation),Region_100K,100000,1000,NA,NA
1100,0.18,0.99445,0.0026847522673129672,20,6.003288572458481e-4,Region,Continuous (rho; Pearson correlation),Region_100K,100000,1000,NA,NA
1200,0.18,0.9971,0.0016827296120792627,20,3.7626978003610823e-4,Region,Continuous (rho; Pearson correlation),Region_100K,100000,1000,NA,NA
900,0.2,0.9943,0.0034197568396167125,20,7.646808759902814e-4,Region,Continuous (rho; Pearson correlation),Region_100K,100000,1000,NA,NA
1000,0.2,0.998,0.002102629932151389,20,4.701623459816276e-4,Region,Continuous (rho; Pearson correlation),Region_100K,100000,1000,NA,NA
1100,0.2,0.9993,9.233805168766395e-4,20,2.0647416048350575e-4,Region,Continuous (rho; Pearson correlation),Region_100K,100000,1000,NA,NA
1200,0.2,0.9999,3.0779350562554653e-4,20,6.882472016116859e-5,Region,Continuous (rho; Pearson correlation),Region_100K,100000,1000,NA,NA
900,0.05,0.0014,0.001729009451741235,20,3.8661826678330435e-4,Region,Continuous (rho; Pearson correlation),Region_20K,20000,1000,NA,NA
1000,0.05,0.00185,0.002084403234046921,20,4.6608673238493194e-4,Region,Continuous (rho; Pearson correlation),Region_20K,20000,1000,NA,NA
1100,0.05,0.00425,0.0034773704523904116,20,7.775636714494156e-4,Region,Continuous (rho; Pearson correlation),Region_20K,20000,1000,NA,NA
1200,0.05,0.0057,0.003294333252563767,20,7.366353093270566e-4,Region,Continuous (rho; Pearson correlation),Region_20K,20000,1000,NA,NA
900,0.07,0.0372,0.01258905121628774,20,0.0028149974291845794,Region,Continuous (rho; Pearson correlation),Region_20K,20000,1000,NA,NA
1000,0.07,0.05305,0.011918473056562238,20,0.002665051594247286,Region,Continuous (rho; Pearson correlation),Region_20K,20000,1000,NA,NA
1100,0.07,0.07635,0.01945649668254526,20,0.004350604918617035,Region,Continuous (rho; Pearson correlation),Region_20K,20000,1000,NA,NA
1200,0.07,0.11935,0.024653973737566764,20,0.005512796119269384,Region,Continuous (rho; Pearson correlation),Region_20K,20000,1000,NA,NA
900,0.1,0.3772,0.05518924380328967,20,0.012340690077096473,Region,Continuous (rho; Pearson correlation),Region_20K,20000,1000,NA,NA
1000,0.1,0.46555,0.03814442775060406,20,0.008529353341318007,Region,Continuous (rho; Pearson correlation),Region_20K,20000,1000,NA,NA
1100,0.1,0.5417000000000001,0.0381259684950325,20,0.008525225726290801,Region,Continuous (rho; Pearson correlation),Region_20K,20000,1000,NA,NA
1200,0.1,0.60075,0.038341780152506715,20,0.008573482679935726,Region,Continuous (rho; Pearson correlation),Region_20K,20000,1000,NA,NA
900,0.15,0.93115,0.019730486696053817,20,0.004411870948153157,Region,Continuous (rho; Pearson correlation),Region_20K,20000,1000,NA,NA
1000,0.15,0.96155,0.010595306806118908,20,0.0023691826260948063,Region,Continuous (rho; Pearson correlation),Region_20K,20000,1000,NA,NA
1100,0.15,0.9783499999999999,0.005788145780726971,20,0.0012942687429384097,Region,Continuous (rho; Pearson correlation),Region_20K,20000,1000,NA,NA
1200,0.15,0.98625,0.005847851607304403,20,0.001307619371626405,Region,Continuous (rho; Pearson correlation),Region_20K,20000,1000,NA,NA
900,0.18,0.9913,0.003812721089361663,20,8.525503535059727e-4,Region,Continuous (rho; Pearson correlation),Region_20K,20000,1000,NA,NA
1000,0.18,0.9963,0.0035258444303979783,20,7.884027824458905e-4,Region,Continuous (rho; Pearson correlation),Region_20K,20000,1000,NA,NA
1100,0.18,0.99895,0.001190974832912762,20,2.66310068588439e-4,Region,Continuous (rho; Pearson correlation),Region_20K,20000,1000,NA,NA
1200,0.18,0.99955,8.255779474818973e-4,20,1.8460484112942736e-4,Region,Continuous (rho; Pearson correlation),Region_20K,20000,1000,NA,NA
900,0.2,0.9986,0.0017888543819998333,20,4.0000000000000034e-4,Region,Continuous (rho; Pearson correlation),Region_20K,20000,1000,NA,NA
1000,0.2,0.99925,7.163503994113796e-4,20,1.60180818879297e-4,Region,Continuous (rho; Pearson correlation),Region_20K,20000,1000,NA,NA
1100,0.2,0.99985,3.663475485325236e-4,20,8.191780219091261e-5,Region,Continuous (rho; Pearson correlation),Region_20K,20000,1000,NA,NA
1200,0.2,1,0,20,0,Region,Continuous (rho; Pearson correlation),Region_20K,20000,1000,NA,NA
900,NA,0.525,0.020789673550005307,20,0.004648712328784123,Region,Binary (delta; 25_75),Region_500K,500000,500,0.01,0.25
1000,NA,0.573,0.02977459178207944,20,0.006657801122703623,Region,Binary (delta; 25_75),Region_500K,500000,500,0.01,0.25
1100,NA,0.5843,0.02510001048437608,20,0.005612532967902233,Region,Binary (delta; 25_75),Region_500K,500000,500,0.01,0.25
1200,NA,0.5963999999999999,0.019709468736998897,20,0.004407171189633645,Region,Binary (delta; 25_75),Region_500K,500000,500,0.01,0.25
900,NA,0.8351999999999999,0.016925844455338568,20,0.003784733877872494,Region,Binary (delta; 25_75),Region_500K,500000,500,0.02,0.25
1000,NA,0.86239999999999994,0.0186333035181634,20,0.004166533331199935,Region,Binary (delta; 25_75),Region_500K,500000,500,0.02,0.25
1100,NA,0.8729,0.018243672298837454,20,0.004079409141943041,Region,Binary (delta; 25_75),Region_500K,500000,500,0.02,0.25
1200,NA,0.8863,0.014294275630107111,20,0.003196297199803814,Region,Binary (delta; 25_75),Region_500K,500000,500,0.02,0.25
900,NA,0.938,0.009199542322711913,20,0.002057080199547014,Region,Binary (delta; 25_75),Region_500K,500000,500,0.03,0.25
1000,NA,0.9457,0.01184594089929007,20,0.002648832910825759,Region,Binary (delta; 25_75),Region_500K,500000,500,0.03,0.25
1100,NA,0.9558,0.007592239805430148,20,0.0016976764306421586,Region,Binary (delta; 25_75),Region_500K,500000,500,0.03,0.25
1200,NA,0.9631,0.007181115585522327,20,0.0016057462603511128,Region,Binary (delta; 25_75),Region_500K,500000,500,0.03,0.25
900,NA,0.9894,0.005807436249281928,20,0.0012985822228390805,Region,Binary (delta; 25_75),Region_500K,500000,500,0.05,0.25
1000,NA,0.9915,0.0036055512754639926,20,8.062257748298557e-4,Region,Binary (delta; 25_75),Region_500K,500000,500,0.05,0.25
1100,NA,0.9941,0.004327391337685294,20,9.676341196308063e-4,Region,Binary (delta; 25_75),Region_500K,500000,500,0.05,0.25
1200,NA,0.9937,0.0030625067132042452,20,6.847973192274145e-4,Region,Binary (delta; 25_75),Region_500K,500000,500,0.05,0.25
900,NA,0.6018,0.02726015021003524,20,0.006095554894649397,Region,Binary (delta; 50_50),Region_500K,500000,500,0.01,0.5
1000,NA,0.6306,0.02244150290492105,20,0.005018072601266246,Region,Binary (delta; 50_50),Region_500K,500000,500,0.01,0.5
1100,NA,0.6564,0.022753600062176388,20,0.005087859647186984,Region,Binary (delta; 50_50),Region_500K,500000,500,0.01,0.5
1200,NA,0.672,0.024043819645761234,20,0.005376361516666703,Region,Binary (delta; 50_50),Region_500K,500000,500,0.01,0.5
900,NA,0.8867,0.015276745313332335,20,0.0034159840995562425,Region,Binary (delta; 50_50),Region_500K,500000,500,0.02,0.5
1000,NA,0.8991,0.01357203006185885,20,0.0030347981810987064,Region,Binary (delta; 50_50),Region_500K,500000,500,0.02,0.5
1100,NA,0.9125000000000001,0.011367080817685327,20,0.0025417565414078283,Region,Binary (delta; 50_50),Region_500K,500000,500,0.02,0.5
1200,NA,0.9168000000000001,0.01569981562077453,20,0.003510585496226491,Region,Binary (delta; 50_50),Region_500K,500000,500,0.02,0.5
900,NA,0.9581,0.01130393503911011,20,0.002527636716069195,Region,Binary (delta; 50_50),Region_500K,500000,500,0.03,0.5
1000,NA,0.97,0.008777962837637644,20,0.001962812160892472,Region,Binary (delta; 50_50),Region_500K,500000,500,0.03,0.5
1100,NA,0.9732999999999999,0.007434627375364983,20,0.0016624332198696948,Region,Binary (delta; 50_50),Region_500K,500000,500,0.03,0.5
1200,NA,0.9759,0.005674504383644448,20,0.0012688577540449532,Region,Binary (delta; 50_50),Region_500K,500000,500,0.03,0.5
900,NA,0.9924,0.003283130726672496,20,7.341303483857982e-4,Region,Binary (delta; 50_50),Region_500K,500000,500,0.05,0.5
1000,NA,0.995,0.0033403435058152516,20,7.469235147202866e-4,Region,Binary (delta; 50_50),Region_500K,500000,500,0.05,0.5
1100,NA,0.9959,0.002198085291195141,20,4.915068131454755e-4,Region,Binary (delta; 50_50),Region_500K,500000,500,0.05,0.5
1200,NA,0.9962,0.0022384204957490634,20,5.005260390723684e-4,Region,Binary (delta; 50_50),Region_500K,500000,500,0.05,0.5
900,NA,0.5907,0.024255438890885345,20,0.005423681018411173,Region,Binary (delta; 25_75),Region_100K,100000,500,0.01,0.25
1000,NA,0.6111,0.022817121918234543,20,0.005102063566007283,Region,Binary (delta; 25_75),Region_100K,100000,500,0.01,0.25
1100,NA,0.6281,0.026217511223166155,20,0.005862413729586318,Region,Binary (delta; 25_75),Region_100K,100000,500,0.01,0.25
1200,NA,0.6595,0.014623341111495618,20,0.003269878478347153,Region,Binary (delta; 25_75),Region_100K,100000,500,0.01,0.25
900,NA,0.8707,0.018708568259377577,20,0.004183363038966318,Region,Binary (delta; 25_75),Region_100K,100000,500,0.02,0.25
1000,NA,0.8902,0.013089167879948443,20,0.0029268269148471525,Region,Binary (delta; 25_75),Region_100K,100000,500,0.02,0.25
1100,NA,0.8972,0.014237090181708677,20,0.0031835101448095433,Region,Binary (delta; 25_75),Region_100K,100000,500,0.02,0.25
1200,NA,0.9107000000000001,0.011017211415254826,20,0.0024635233646996455,Region,Binary (delta; 25_75),Region_100K,100000,500,0.02,0.25
900,NA,0.9532999999999999,0.010387745816966,20,0.0023227705779725063,Region,Binary (delta; 25_75),Region_100K,100000,500,0.03,0.25
1000,NA,0.9639,0.008837122656278196,20,0.0019760406984941554,Region,Binary (delta; 25_75),Region_100K,100000,500,0.03,0.25
1100,NA,0.9667,0.00904433524367602,20,0.0020223748416156703,Region,Binary (delta; 25_75),Region_100K,100000,500,0.03,0.25
1200,NA,0.9681,0.007690732632269355,20,0.001719700096253017,Region,Binary (delta; 25_75),Region_100K,100000,500,0.03,0.25
900,NA,0.993,0.003811340418996145,20,8.52241626226791e-4,Region,Binary (delta; 25_75),Region_100K,100000,500,0.05,0.25
1000,NA,0.9934,0.004500292388161841,20,0.0010062959698554745,Region,Binary (delta; 25_75),Region_100K,100000,500,0.05,0.25
1100,NA,0.9936,0.002562893102068752,20,5.730803195291036e-4,Region,Binary (delta; 25_75),Region_100K,100000,500,0.05,0.25
1200,NA,0.9961,0.00293616290957756,20,6.565459858828992e-4,Region,Binary (delta; 25_75),Region_100K,100000,500,0.05,0.25
900,NA,0.6553,0.01679943608076115,20,0.0037564681060244572,Region,Binary (delta; 50_50),Region_100K,100000,500,0.01,0.5
1000,NA,0.6815,0.021598001856896976,20,0.004829460033018832,Region,Binary (delta; 50_50),Region_100K,100000,500,0.01,0.5
1100,NA,0.7049,0.025525838302642108,20,0.00570775096273756,Region,Binary (delta; 50_50),Region_100K,100000,500,0.01,0.5
1200,NA,0.7182,0.022523905429331605,20,0.0050364983658762056,Region,Binary (delta; 50_50),Region_100K,100000,500,0.01,0.5
900,NA,0.9072,0.013524247230729518,20,0.0030241136152424483,Region,Binary (delta; 50_50),Region_100K,100000,500,0.02,0.5
1000,NA,0.9151,0.012405007477882297,20,0.0027738439981938035,Region,Binary (delta; 50_50),Region_100K,100000,500,0.02,0.5
1100,NA,0.926,0.01246468696167822,20,0.0027871887364567817,Region,Binary (delta; 50_50),Region_100K,100000,500,0.02,0.5
1200,NA,0.9404,0.010985157450420344,20,0.0024563558802678164,Region,Binary (delta; 50_50),Region_100K,100000,500,0.02,0.5
900,NA,0.9697,0.005849876291989345,20,0.0013080721048852584,Region,Binary (delta; 50_50),Region_100K,100000,500,0.03,0.5
1000,NA,0.9771,0.006972879794717462,20,0.0015591833219923024,Region,Binary (delta; 50_50),Region_100K,100000,500,0.03,0.5
1100,NA,0.9817,0.006061960773631969,20,0.0013554956366778298,Region,Binary (delta; 50_50),Region_100K,100000,500,0.03,0.5
1200,NA,0.9816,0.0050513156181023035,20,0.0011295085097883118,Region,Binary (delta; 50_50),Region_100K,100000,500,0.03,0.5
900,NA,0.9954,0.003315037508718498,20,7.412649217456113e-4,Region,Binary (delta; 50_50),Region_100K,100000,500,0.05,0.5
1000,NA,0.996,0.0033086807674740475,20,7.398435111918145e-4,Region,Binary (delta; 50_50),Region_100K,100000,500,0.05,0.5
1100,NA,0.998,0.0019466570535691522,20,4.352857500660074e-4,Region,Binary (delta; 50_50),Region_100K,100000,500,0.05,0.5
1200,NA,0.9984,0.0017888543819998333,20,4.0000000000000034e-4,Region,Binary (delta; 50_50),Region_100K,100000,500,0.05,0.5
900,NA,0.6518,0.021125190749683827,20,0.004723736255394278,Region,Binary (delta; 25_75),Region_20K,20000,500,0.01,0.25
1000,NA,0.6754,0.015988153509132266,20,0.0035750598081121547,Region,Binary (delta; 25_75),Region_20K,20000,500,0.01,0.25
1100,NA,0.6969,0.01874454306556554,20,0.004191407250177684,Region,Binary (delta; 25_75),Region_20K,20000,500,0.01,0.25
1200,NA,0.7162999999999999,0.020347248617830112,20,0.004549783106455677,Region,Binary (delta; 25_75),Region_20K,20000,500,0.01,0.25
900,NA,0.9031,0.012060810830733442,20,0.0026968792881285684,Region,Binary (delta; 25_75),Region_20K,20000,500,0.02,0.25
1000,NA,0.9133,0.011503317599261263,20,0.0025722200118717866,Region,Binary (delta; 25_75),Region_20K,20000,500,0.02,0.25
1100,NA,0.9246000000000001,0.01169975258397867,20,0.002616144209770512,Region,Binary (delta; 25_75),Region_20K,20000,500,0.02,0.25
1200,NA,0.9315,0.012343760409722427,20,0.002760148737411,Region,Binary (delta; 25_75),Region_20K,20000,500,0.02,0.25
900,NA,0.972,0.008849620866098409,20,0.0019788353831696605,Region,Binary (delta; 25_75),Region_20K,20000,500,0.03,0.25
1000,NA,0.9746,0.006327883158146803,20,0.0014149576895292303,Region,Binary (delta; 25_75),Region_20K,20000,500,0.03,0.25
1100,NA,0.9793,0.007657813347369992,20,0.0017123391203724512,Region,Binary (delta; 25_75),Region_20K,20000,500,0.03,0.25
1200,NA,0.9797,0.007056911505750946,20,0.0015779733838059513,Region,Binary (delta; 25_75),Region_20K,20000,500,0.03,0.25
900,NA,0.994,0.0033086807674740475,20,7.398435111918145e-4,Region,Binary (delta; 25_75),Region_20K,20000,500,0.05,0.25
1000,NA,0.9972,0.002375311613906248,20,5.311358236439105e-4,Region,Binary (delta; 25_75),Region_20K,20000,500,0.05,0.25
1100,NA,0.9966,0.0024365635853109127,20,5.448321808255808e-4,Region,Binary (delta; 25_75),Region_20K,20000,500,0.05,0.25
1200,NA,0.9977,0.0018666040089734609,20,4.1738534511382856e-4,Region,Binary (delta; 25_75),Region_20K,20000,500,0.05,0.25
900,NA,0.7132999999999999,0.017329925440966957,20,0.003875089133100513,Region,Binary (delta; 50_50),Region_20K,20000,500,0.01,0.5
1000,NA,0.7361,0.019579527439058452,20,0.004378115432105706,Region,Binary (delta; 50_50),Region_20K,20000,500,0.01,0.5
1100,NA,0.767,0.017137217117324396,20,0.003831998241951034,Region,Binary (delta; 50_50),Region_20K,20000,500,0.01,0.5
1200,NA,0.7744,0.01804788951067338,20,0.0040356307796271095,Region,Binary (delta; 50_50),Region_20K,20000,500,0.01,0.5
900,NA,0.9328000000000001,0.007931283827848697,20,0.0017734889787914424,Region,Binary (delta; 50_50),Region_20K,20000,500,0.02,0.5
1000,NA,0.9430999999999999,0.011303935039110074,20,0.002527636716069187,Region,Binary (delta; 50_50),Region_20K,20000,500,0.02,0.5
1100,NA,0.9477,0.010628165163227454,20,0.0023765299781071734,Region,Binary (delta; 50_50),Region_20K,20000,500,0.02,0.5
1200,NA,0.9548,0.008036757659915511,20,0.0017970736446263219,Region,Binary (delta; 50_50),Region_20K,20000,500,0.02,0.5
900,NA,0.9796,0.007243145580114825,20,0.0016196165888063899,Region,Binary (delta; 50_50),Region_20K,20000,500,0.03,0.5
1000,NA,0.9847,0.0045084715580198265,20,0.001008124887835672,Region,Binary (delta; 50_50),Region_20K,20000,500,0.03,0.5
1100,NA,0.9876,0.0048817598207376465,20,0.0010915946808996565,Region,Binary (delta; 50_50),Region_20K,20000,500,0.03,0.5
1200,NA,0.9881,0.0037542957851114086,20,8.394860583150052e-4,Region,Binary (delta; 50_50),Region_20K,20000,500,0.03,0.5
900,NA,0.9973,0.002696976865033575,20,6.030623603959349e-4,Region,Binary (delta; 50_50),Region_20K,20000,500,0.05,0.5
1000,NA,0.9979,0.00229186203313973,20,5.124759301151312e-4,Region,Binary (delta; 50_50),Region_20K,20000,500,0.05,0.5
1100,NA,0.9989,0.0021001253095445237,20,4.696022953409343e-4,Region,Binary (delta; 50_50),Region_20K,20000,500,0.05,0.5
1200,NA,0.9984,0.0020104987598001402,20,4.495611895592135e-4,Region,Binary (delta; 50_50),Region_20K,20000,500,0.05,0.5
900,NA,0.55965,0.014437797615980043,20,0.003228389691471578,Region,Binary (delta; 25_75),Region_500K,500000,1000,0.01,0.25
1000,NA,0.5833999999999999,0.016310797198885087,20,0.003647205130392021,Region,Binary (delta; 25_75),Region_500K,500000,1000,0.01,0.25
1100,NA,0.61105,0.020520785354828604,20,0.00458858710050789,Region,Binary (delta; 25_75),Region_500K,500000,1000,0.01,0.25
1200,NA,0.62595,0.01600156242371352,20,0.003578058132562972,Region,Binary (delta; 25_75),Region_500K,500000,1000,0.01,0.25
900,NA,0.85775,0.01036123849536796,20,0.00231684336067304,Region,Binary (delta; 25_75),Region_500K,500000,1000,0.02,0.25
1000,NA,0.87055,0.011004664082967167,20,0.0024607176959064968,Region,Binary (delta; 25_75),Region_500K,500000,1000,0.02,0.25
1100,NA,0.8885500000000001,0.011245934938082257,20,0.0025146674992091813,Region,Binary (delta; 25_75),Region_500K,500000,1000,0.02,0.25
1200,NA,0.8955,0.010359333447364477,20,0.002316417378989421,Region,Binary (delta; 25_75),Region_500K,500000,1000,0.02,0.25
900,NA,0.9474,0.009885662132071538,20,0.002210501252990746,Region,Binary (delta; 25_75),Region_500K,500000,1000,0.03,0.25
1000,NA,0.9548,0.008243657849331327,20,0.0018433379334354565,Region,Binary (delta; 25_75),Region_500K,500000,1000,0.03,0.25
1100,NA,0.96075,0.005349618776383195,20,0.001196211123770207,Region,Binary (delta; 25_75),Region_500K,500000,1000,0.03,0.25
1200,NA,0.96665,0.005575085555161326,20,0.0012466270281717878,Region,Binary (delta; 25_75),Region_500K,500000,1000,0.03,0.25
900,NA,0.99025,0.00312671005842782,20,6.991536236576944e-4,Region,Binary (delta; 25_75),Region_500K,500000,1000,0.05,0.25
1000,NA,0.99265,0.0017851728502481668,20,3.991767844741953e-4,Region,Binary (delta; 25_75),Region_500K,500000,1000,0.05,0.25
1100,NA,0.9943,0.002341839133312918,20,5.236511494456877e-4,Region,Binary (delta; 25_75),Region_500K,500000,1000,0.05,0.25
1200,NA,0.99525,0.002381397201556044,20,5.324966024107082e-4,Region,Binary (delta; 25_75),Region_500K,500000,1000,0.05,0.25
900,NA,0.63045,0.018596759763039667,20,0.004158361899138957,Region,Binary (delta; 50_50),Region_500K,500000,1000,0.01,0.5
1000,NA,0.65545,0.011394712531881212,20,0.002547935180535513,Region,Binary (delta; 50_50),Region_500K,500000,1000,0.01,0.5
1100,NA,0.67705,0.015090865135117839,20,0.0033744200281405033,Region,Binary (delta; 50_50),Region_500K,500000,1000,0.01,0.5
1200,NA,0.69495,0.017037033964742473,20,0.0038095966080136925,Region,Binary (delta; 50_50),Region_500K,500000,1000,0.01,0.5
900,NA,0.89215,0.009554690223296518,20,0.0021364936843243656,Region,Binary (delta; 50_50),Region_500K,500000,1000,0.02,0.5
1000,NA,0.90695,0.012700911695415299,20,0.002840010192717071,Region,Binary (delta; 50_50),Region_500K,500000,1000,0.02,0.5
1100,NA,0.91805,0.0102468223572507,20,0.00229125913441772,Region,Binary (delta; 50_50),Region_500K,500000,1000,0.02,0.5
1200,NA,0.9253,0.007298882394622224,20,0.0016320797194151737,Region,Binary (delta; 50_50),Region_500K,500000,1000,0.02,0.5
900,NA,0.96605,0.0063864577118511665,20,0.0014280553579126972,Region,Binary (delta; 50_50),Region_500K,500000,1000,0.03,0.5
1000,NA,0.9715,0.005577209262516047,20,0.0012471019035727349,Region,Binary (delta; 50_50),Region_500K,500000,1000,0.03,0.5
1100,NA,0.9754499999999999,0.004248529157249604,20,9.500000000000008e-4,Region,Binary (delta; 50_50),Region_500K,500000,1000,0.03,0.5
1200,NA,0.98015,0.004171015274612724,20,9.326673689224003e-4,Region,Binary (delta; 50_50),Region_500K,500000,1000,0.03,0.5
900,NA,0.9946,0.002817240157541272,20,6.299540501204501e-4,Region,Binary (delta; 50_50),Region_500K,500000,1000,0.05,0.5
1000,NA,0.9953,0.002515216847405745,20,5.624195848951962e-4,Region,Binary (delta; 50_50),Region_500K,500000,1000,0.05,0.5
1100,NA,0.99685,0.0013088765773505327,20,2.9267370011130527e-4,Region,Binary (delta; 50_50),Region_500K,500000,1000,0.05,0.5
1200,NA,0.99795,0.001394538218230417,20,3.118282253184649e-4,Region,Binary (delta; 50_50),Region_500K,500000,1000,0.05,0.5
900,NA,0.61425,0.013214326356369132,20,0.002954813200970849,Region,Binary (delta; 25_75),Region_100K,100000,1000,0.01,0.25
1000,NA,0.63765,0.01985281366774785,20,0.004439224090572112,Region,Binary (delta; 25_75),Region_100K,100000,1000,0.01,0.25
1100,NA,0.6647500000000001,0.014241802813142072,20,0.0031845639212333405,Region,Binary (delta; 25_75),Region_100K,100000,1000,0.01,0.25
1200,NA,0.6782,0.01451532765190317,20,0.003245725934533789,Region,Binary (delta; 25_75),Region_100K,100000,1000,0.01,0.25
900,NA,0.88745,0.01587939744316185,20,0.003550741212464625,Region,Binary (delta; 25_75),Region_100K,100000,1000,0.02,0.25
1000,NA,0.9006000000000001,0.008022337236544112,20,0.0017938491399340443,Region,Binary (delta; 25_75),Region_100K,100000,1000,0.02,0.25
1100,NA,0.9093,0.009873409265614181,20,0.0022077614287589584,Region,Binary (delta; 25_75),Region_100K,100000,1000,0.02,0.25
1200,NA,0.9193,0.007197221686178639,20,0.0016093476939431095,Region,Binary (delta; 25_75),Region_100K,100000,1000,0.02,0.25
900,NA,0.9598,0.007918000810943718,20,0.0017705188059168615,Region,Binary (delta; 25_75),Region_100K,100000,1000,0.03,0.25
1000,NA,0.9668,0.005166694963137006,20,0.0011553081156580115,Region,Binary (delta; 25_75),Region_100K,100000,1000,0.03,0.25
1100,NA,0.9718,0.005671721171975191,20,0.0012682354089961303,Region,Binary (delta; 25_75),Region_100K,100000,1000,0.03,0.25
1200,NA,0.97525,0.006103277807866857,20,0.0013647344063956192,Region,Binary (delta; 25_75),Region_100K,100000,1000,0.03,0.25
900,NA,0.99295,0.002892367451359565,20,6.467530237147804e-4,Region,Binary (delta; 25_75),Region_100K,100000,1000,0.05,0.25
1000,NA,0.99425,0.002381397201556044,20,5.324966024107082e-4,Region,Binary (delta; 25_75),Region_100K,100000,1000,0.05,0.25
1100,NA,0.9959,0.0019973666874689116,20,4.466247689174064e-4,Region,Binary (delta; 25_75),Region_100K,100000,1000,0.05,0.25
1200,NA,0.99705,0.002282081229238371,20,5.102888758753278e-4,Region,Binary (delta; 25_75),Region_100K,100000,1000,0.05,0.25
900,NA,0.68045,0.014262482990441413,20,0.003189188149456148,Region,Binary (delta; 50_50),Region_100K,100000,1000,0.01,0.5
1000,NA,0.7006,0.01352736018904686,20,0.0030248096938833183,Region,Binary (delta; 50_50),Region_100K,100000,1000,0.01,0.5
1100,NA,0.7252,0.018958680833522385,20,0.004239289910747843,Region,Binary (delta; 50_50),Region_100K,100000,1000,0.01,0.5
1200,NA,0.75005,0.01505245215204068,20,0.003365830624002596,Region,Binary (delta; 50_50),Region_100K,100000,1000,0.01,0.5
900,NA,0.91805,0.011199036612701626,20,0.002504180714850982,Region,Binary (delta; 50_50),Region_100K,100000,1000,0.02,0.5
1000,NA,0.9278000000000001,0.0070903937979865505,20,0.0015854602519540838,Region,Binary (delta; 50_50),Region_100K,100000,1000,0.02,0.5
1100,NA,0.9391499999999999,0.007485248651075027,20,0.0016737524812292365,Region,Binary (delta; 50_50),Region_100K,100000,1000,0.02,0.5
1200,NA,0.9488,0.006638008578989391,20,0.001484303841784706,Region,Binary (delta; 50_50),Region_100K,100000,1000,0.02,0.5
900,NA,0.97615,0.0049976310177396776,20,0.0011175042682127377,Region,Binary (delta; 50_50),Region_100K,100000,1000,0.03,0.5
1000,NA,0.9792,0.004137123333148801,20,9.250889004221226e-4,Region,Binary (delta; 50_50),Region_100K,100000,1000,0.03,0.5
1100,NA,0.9813999999999999,0.003346640106136305,20,7.483314773547889e-4,Region,Binary (delta; 50_50),Region_100K,100000,1000,0.03,0.5
1200,NA,0.98395,0.004465953072089462,20,9.986174653516056e-4,Region,Binary (delta; 50_50),Region_100K,100000,1000,0.03,0.5
900,NA,0.99605,0.0023050288273114617,20,5.154201147965053e-4,Region,Binary (delta; 50_50),Region_100K,100000,1000,0.05,0.5
1000,NA,0.9977,0.0011285761872936704,20,2.5235730725761815e-4,Region,Binary (delta; 50_50),Region_100K,100000,1000,0.05,0.5
1100,NA,0.99785,0.0015312533566021226,20,3.4239865961370724e-4,Region,Binary (delta; 50_50),Region_100K,100000,1000,0.05,0.5
1200,NA,0.99785,0.001268027892769756,20,2.8353965655989887e-4,Region,Binary (delta; 50_50),Region_100K,100000,1000,0.05,0.5
900,NA,0.6788000000000001,0.01116196549377439,20,0.002495891360658654,Region,Binary (delta; 25_75),Region_20K,20000,1000,0.01,0.25
1000,NA,0.69395,0.016426791338670175,20,0.003673142208547128,Region,Binary (delta; 25_75),Region_20K,20000,1000,0.01,0.25
1100,NA,0.7218,0.013990974534357962,20,0.003128477013029287,Region,Binary (delta; 25_75),Region_20K,20000,1000,0.01,0.25
1200,NA,0.73985,0.013902953113031715,20,0.003108794824873123,Region,Binary (delta; 25_75),Region_20K,20000,1000,0.01,0.25
900,NA,0.9156000000000001,0.010158740079360244,20,0.002271563338320111,Region,Binary (delta; 25_75),Region_20K,20000,1000,0.02,0.25
1000,NA,0.9277500000000001,0.007210190157358065,20,0.0016122475322552538,Region,Binary (delta; 25_75),Region_20K,20000,1000,0.02,0.25
1100,NA,0.931,0.009380831519646827,20,0.0020976176963402957,Region,Binary (delta; 25_75),Region_20K,20000,1000,0.02,0.25
1200,NA,0.9400999999999999,0.007369210484027048,20,0.0016478055582788607,Region,Binary (delta; 25_75),Region_20K,20000,1000,0.02,0.25
900,NA,0.97395,0.004211200603903336,20,9.416530817216026e-4,Region,Binary (delta; 25_75),Region_20K,20000,1000,0.03,0.25
1000,NA,0.9783499999999999,0.0031334359818945712,20,7.006575858660061e-4,Region,Binary (delta; 25_75),Region_20K,20000,1000,0.03,0.25
1100,NA,0.97955,0.0038453663161346777,20,8.598500481265085e-4,Region,Binary (delta; 25_75),Region_20K,20000,1000,0.03,0.25
1200,NA,0.984,0.0028469743865891647,20,6.366028258614138e-4,Region,Binary (delta; 25_75),Region_20K,20000,1000,0.03,0.25
900,NA,0.9963,0.001657518754359249,20,3.7063246087280566e-4,Region,Binary (delta; 25_75),Region_20K,20000,1000,0.05,0.25
1000,NA,0.9968,0.0016733200530681526,20,3.7416573867739446e-4,Region,Binary (delta; 25_75),Region_20K,20000,1000,0.05,0.25
1100,NA,0.99765,0.0017554426642213145,20,3.925289127802197e-4,Region,Binary (delta; 25_75),Region_20K,20000,1000,0.05,0.25
1200,NA,0.9977,0.0014545753585442777,20,3.252529380101134e-4,Region,Binary (delta; 25_75),Region_20K,20000,1000,0.05,0.25
900,NA,0.737,0.015670958725247843,20,0.0035041328982247624,Region,Binary (delta; 50_50),Region_20K,20000,1000,0.01,0.5
1000,NA,0.7634,0.01562184705030613,20,0.0034931511938589084,Region,Binary (delta; 50_50),Region_20K,20000,1000,0.01,0.5
1100,NA,0.77575,0.019809288092630748,20,0.00442949147609995,Region,Binary (delta; 50_50),Region_20K,20000,1000,0.01,0.5
1200,NA,0.79945,0.011090417865033415,20,0.0024798928245092803,Region,Binary (delta; 50_50),Region_20K,20000,1000,0.01,0.5
900,NA,0.9425,0.007890700722669461,20,0.0017644143205995631,Region,Binary (delta; 50_50),Region_20K,20000,1000,0.02,0.5
1000,NA,0.9503999999999999,0.007789331435401003,20,0.0017417474588832652,Region,Binary (delta; 50_50),Region_20K,20000,1000,0.02,0.5
1100,NA,0.95245,0.007148610464904859,20,0.001598477894419364,Region,Binary (delta; 50_50),Region_20K,20000,1000,0.02,0.5
1200,NA,0.96395,0.005933624081186991,20,0.0013267986798463844,Region,Binary (delta; 50_50),Region_20K,20000,1000,0.02,0.5
900,NA,0.98485,0.0037455236440878436,20,8.375245479513146e-4,Region,Binary (delta; 50_50),Region_20K,20000,1000,0.03,0.5
1000,NA,0.985,0.0039202577788497025,20,8.765962882830272e-4,Region,Binary (delta; 50_50),Region_20K,20000,1000,0.03,0.5
1100,NA,0.9881,0.003640416401862209,20,8.14021854096909e-4,Region,Binary (delta; 50_50),Region_20K,20000,1000,0.03,0.5
1200,NA,0.99165,0.0028149039433924437,20,6.294316567557723e-4,Region,Binary (delta; 50_50),Region_20K,20000,1000,0.03,0.5
900,NA,0.99805,0.001316894273021108,20,2.9446651136553646e-4,Region,Binary (delta; 50_50),Region_20K,20000,1000,0.05,0.5
1000,NA,0.9982,0.001399247918291147,20,3.128813462674076e-4,Region,Binary (delta; 50_50),Region_20K,20000,1000,0.05,0.5
1100,NA,0.999,9.733285267845761e-4,20,2.176428750330037e-4,Region,Binary (delta; 50_50),Region_20K,20000,1000,0.05,0.5
1200,NA,0.99885,0.0010399898784932587,20,2.3254880642226727e-4,Region,Binary (delta; 50_50),Region_20K,20000,1000,0.05,0.5
