sample_size,rho_mu,avg_power,sd_power,N,se_power,Level,Model,Total_name,Total_tests,dm
900,0.05,0,0,20,0,CpG,Continuous (rho; Pearson correlation),CpG_20M,20000000,500
1000,0.05,0,0,20,0,CpG,Continuous (rho; Pearson correlation),CpG_20M,20000000,500
1100,0.05,1e-4,4.4721359549995795e-4,20,1e-4,CpG,Continuous (rho; Pearson correlation),CpG_20M,20000000,500
1200,0.05,1e-4,4.4721359549995795e-4,20,1e-4,CpG,Continuous (rho; Pearson correlation),CpG_20M,20000000,500
900,0.07,3.0000000000000003e-4,7.326950970650465e-4,20,1.6383560438182506e-4,CpG,Continuous (rho; Pearson correlation),CpG_20M,20000000,500
1000,0.07,3.0000000000000003e-4,7.326950970650465e-4,20,1.6383560438182506e-4,CpG,Continuous (rho; Pearson correlation),CpG_20M,20000000,500
1100,0.07,3.0000000000000003e-4,9.787209698591858e-4,20,2.1884866196096621e-4,CpG,Continuous (rho; Pearson correlation),CpG_20M,20000000,500
1200,0.07,2e-4,6.155870112510924e-4,20,1.3764944032233705e-4,CpG,Continuous (rho; Pearson correlation),CpG_20M,20000000,500
900,0.1,0.0028,0.005042973224930747,20,0.0011276430939656486,CpG,Continuous (rho; Pearson correlation),CpG_20M,20000000,500
1000,0.1,0.0048000000000000004,0.005596991673164583,20,0.0012515253850696293,CpG,Continuous (rho; Pearson correlation),CpG_20M,20000000,500
1100,0.1,0.0086,0.006021015826166492,20,0.0013463400680910334,CpG,Continuous (rho; Pearson correlation),CpG_20M,20000000,500
1200,0.1,0.0219,0.010207840124139876,20,0.0022825424421026655,CpG,Continuous (rho; Pearson correlation),CpG_20M,20000000,500
900,0.15,0.3004,0.06250423143570698,20,0.013976371037162007,CpG,Continuous (rho; Pearson correlation),CpG_20M,20000000,500
1000,0.15,0.3962857142857143,0.0684873293808007,21,0.014945160525375823,CpG,Continuous (rho; Pearson correlation),CpG_20M,20000000,500
1100,0.15,0.4993,0.0647530531692278,20,0.014479222863705156,CpG,Continuous (rho; Pearson correlation),CpG_20M,20000000,500
1200,0.15,0.6183,0.060601459075712544,20,0.013550898202896481,CpG,Continuous (rho; Pearson correlation),CpG_20M,20000000,500
900,0.18,0.6708,0.044087950376730516,20,0.009858365403100689,CpG,Continuous (rho; Pearson correlation),CpG_20M,20000000,500
1000,0.18,0.8047,0.04813697561181665,20,0.010763754969927156,CpG,Continuous (rho; Pearson correlation),CpG_20M,20000000,500
1100,0.18,0.8721,0.033210492951855804,20,0.007426091980662722,CpG,Continuous (rho; Pearson correlation),CpG_20M,20000000,500
1200,0.18,0.9238,0.026635156822278468,20,0.005955802124598193,CpG,Continuous (rho; Pearson correlation),CpG_20M,20000000,500
900,0.2,0.8792,0.03474054206770378,20,0.0077682213638576745,CpG,Continuous (rho; Pearson correlation),CpG_20M,20000000,500
1000,0.2,0.9318,0.021303817300637608,20,0.004763678366446176,CpG,Continuous (rho; Pearson correlation),CpG_20M,20000000,500
1100,0.2,0.9673999999999999,0.015232928321998969,20,0.0034061863224371497,CpG,Continuous (rho; Pearson correlation),CpG_20M,20000000,500
1200,0.2,0.9855,0.007810249675906661,20,0.0017464249196572996,CpG,Continuous (rho; Pearson correlation),CpG_20M,20000000,500
900,0.05,0,0,20,0,CpG,Continuous (rho; Pearson correlation),CpG_15M,15000000,500
1000,0.05,0,0,20,0,CpG,Continuous (rho; Pearson correlation),CpG_15M,15000000,500
1100,0.05,0,0,20,0,CpG,Continuous (rho; Pearson correlation),CpG_15M,15000000,500
1200,0.05,0,0,20,0,CpG,Continuous (rho; Pearson correlation),CpG_15M,15000000,500
900,0.07,0,0,20,0,CpG,Continuous (rho; Pearson correlation),CpG_15M,15000000,500
1000,0.07,0,0,20,0,CpG,Continuous (rho; Pearson correlation),CpG_15M,15000000,500
1100,0.07,0,0,20,0,CpG,Continuous (rho; Pearson correlation),CpG_15M,15000000,500
1200,0.07,1e-4,4.4721359549995795e-4,20,1e-4,CpG,Continuous (rho; Pearson correlation),CpG_15M,15000000,500
900,0.1,0.0027,0.0035703457004963306,20,7.983535689483899e-4,CpG,Continuous (rho; Pearson correlation),CpG_15M,15000000,500
1000,0.1,0.0049,0.005485867009152269,20,0.0012266771547987934,CpG,Continuous (rho; Pearson correlation),CpG_15M,15000000,500
1100,0.1,0.0107,0.005704107476657777,20,0.0012754772068771585,CpG,Continuous (rho; Pearson correlation),CpG_15M,15000000,500
1200,0.1,0.0212,0.013351916874011998,20,0.0029855793760217323,CpG,Continuous (rho; Pearson correlation),CpG_15M,15000000,500
900,0.15,0.31895238095238093,0.06799593825404293,21,0.014837930190414057,CpG,Continuous (rho; Pearson correlation),CpG_15M,15000000,500
1000,0.15,0.4337,0.05783925092329966,20,0.01293324968321655,CpG,Continuous (rho; Pearson correlation),CpG_15M,15000000,500
1100,0.15,0.5366,0.04790385107033067,20,0.010711626737728543,CpG,Continuous (rho; Pearson correlation),CpG_15M,15000000,500
1200,0.15,0.6274,0.050442671994004616,20,0.011279324354531918,CpG,Continuous (rho; Pearson correlation),CpG_15M,15000000,500
900,0.18,0.6957,0.058017329534508826,20,0.012973069271216796,CpG,Continuous (rho; Pearson correlation),CpG_15M,15000000,500
1000,0.18,0.8247,0.03733926957817437,20,0.00834931450069878,CpG,Continuous (rho; Pearson correlation),CpG_15M,15000000,500
1100,0.18,0.8941,0.02439564240640228,20,0.005455031477549204,CpG,Continuous (rho; Pearson correlation),CpG_15M,15000000,500
1200,0.18,0.9269,0.03133167222173955,20,0.007005974893655149,CpG,Continuous (rho; Pearson correlation),CpG_15M,15000000,500
900,0.2,0.8922,0.03977780391387297,20,0.008894587354707715,CpG,Continuous (rho; Pearson correlation),CpG_15M,15000000,500
1000,0.2,0.9507,0.017195776715289848,20,0.0038450925661296146,CpG,Continuous (rho; Pearson correlation),CpG_15M,15000000,500
1100,0.2,0.9724999999999999,0.01160535266703757,20,0.002595035746635449,CpG,Continuous (rho; Pearson correlation),CpG_15M,15000000,500
1200,0.2,0.9862,0.007105224171433008,20,0.0015887764242698823,CpG,Continuous (rho; Pearson correlation),CpG_15M,15000000,500
900,0.05,0,0,20,0,CpG,Continuous (rho; Pearson correlation),CpG_20M,20000000,1000
1000,0.05,5e-5,2.2360679774997898e-4,20,5e-5,CpG,Continuous (rho; Pearson correlation),CpG_20M,20000000,1000
1100,0.05,0,0,20,0,CpG,Continuous (rho; Pearson correlation),CpG_20M,20000000,1000
1200,0.05,1.5000000000000001e-4,3.6634754853252327e-4,20,8.191780219091253e-5,CpG,Continuous (rho; Pearson correlation),CpG_20M,20000000,1000
900,0.07,1e-4,3.077935056255462e-4,20,6.882472016116852e-5,CpG,Continuous (rho; Pearson correlation),CpG_20M,20000000,1000
1000,0.07,1e-4,3.077935056255462e-4,20,6.882472016116852e-5,CpG,Continuous (rho; Pearson correlation),CpG_20M,20000000,1000
1100,0.07,5e-5,2.2360679774997898e-4,20,5e-5,CpG,Continuous (rho; Pearson correlation),CpG_20M,20000000,1000
1200,0.07,3.0000000000000003e-4,7.326950970650465e-4,20,1.6383560438182506e-4,CpG,Continuous (rho; Pearson correlation),CpG_20M,20000000,1000
900,0.1,0.00425,0.005003945811478231,20,0.001118916299019067,CpG,Continuous (rho; Pearson correlation),CpG_20M,20000000,1000
1000,0.1,0.009,0.004801315609179151,20,0.0010736068083555394,CpG,Continuous (rho; Pearson correlation),CpG_20M,20000000,1000
1100,0.1,0.01685,0.008412240455056204,20,0.0018810341500579437,CpG,Continuous (rho; Pearson correlation),CpG_20M,20000000,1000
1200,0.1,0.0287,0.009291195606027982,20,0.002077574496732592,CpG,Continuous (rho; Pearson correlation),CpG_20M,20000000,1000
900,0.15,0.31935,0.048284545854973646,20,0.010796752679442677,CpG,Continuous (rho; Pearson correlation),CpG_20M,20000000,1000
1000,0.15,0.46725,0.04378521139428364,20,0.009790670908681656,CpG,Continuous (rho; Pearson correlation),CpG_20M,20000000,1000
1100,0.15,0.56915,0.04608490448132263,20,0.01030489791568221,CpG,Continuous (rho; Pearson correlation),CpG_20M,20000000,1000
1200,0.15,0.6812,0.045843670285691106,20,0.010250956309689252,CpG,Continuous (rho; Pearson correlation),CpG_20M,20000000,1000
900,0.18,0.75895,0.051496014153371246,20,0.011514858821722937,CpG,Continuous (rho; Pearson correlation),CpG_20M,20000000,1000
1000,0.18,0.8324,0.03411651861056844,20,0.007628685476886771,CpG,Continuous (rho; Pearson correlation),CpG_20M,20000000,1000
1100,0.18,0.90825,0.020720889535874046,20,0.004633331755647843,CpG,Continuous (rho; Pearson correlation),CpG_20M,20000000,1000
1200,0.18,0.941,0.01766650115778146,20,0.003950349751337808,CpG,Continuous (rho; Pearson correlation),CpG_20M,20000000,1000
900,0.2,0.9142,0.018944795146897068,20,0.004236184976826996,CpG,Continuous (rho; Pearson correlation),CpG_20M,20000000,1000
1000,0.2,0.95855,0.014207021985068173,20,0.0031767866916446435,CpG,Continuous (rho; Pearson correlation),CpG_20M,20000000,1000
1100,0.2,0.97455,0.00797017466624957,20,0.0017821852346280734,CpG,Continuous (rho; Pearson correlation),CpG_20M,20000000,1000
1200,0.2,0.9882,0.00617805965110662,20,0.0013814561348923034,CpG,Continuous (rho; Pearson correlation),CpG_20M,20000000,1000
900,0.05,5e-5,2.2360679774997898e-4,20,5e-5,CpG,Continuous (rho; Pearson correlation),CpG_15M,15000000,1000
1000,0.05,2e-4,4.103913408340616e-4,20,9.17662935482247e-5,CpG,Continuous (rho; Pearson correlation),CpG_15M,15000000,1000
1100,0.05,1e-4,4.4721359549995795e-4,20,1e-4,CpG,Continuous (rho; Pearson correlation),CpG_15M,15000000,1000
1200,0.05,2e-4,5.23148363780597e-4,20,1.1697953037312036e-4,CpG,Continuous (rho; Pearson correlation),CpG_15M,15000000,1000
900,0.07,1e-4,3.077935056255462e-4,20,6.882472016116852e-5,CpG,Continuous (rho; Pearson correlation),CpG_15M,15000000,1000
1000,0.07,3.5e-4,5.871429486123998e-4,20,1.3128915456069918e-4,CpG,Continuous (rho; Pearson correlation),CpG_15M,15000000,1000
1100,0.07,1e-4,3.077935056255462e-4,20,6.882472016116852e-5,CpG,Continuous (rho; Pearson correlation),CpG_15M,15000000,1000
1200,0.07,2.5e-4,7.16350399411379e-4,20,1.6018081887929686e-4,CpG,Continuous (rho; Pearson correlation),CpG_15M,15000000,1000
900,0.1,0.00435,0.004602916695451174,20,0.0010292434625797523,CpG,Continuous (rho; Pearson correlation),CpG_15M,15000000,1000
1000,0.1,0.009899999999999999,0.007587385653348034,20,0.0016965910092392859,CpG,Continuous (rho; Pearson correlation),CpG_15M,15000000,1000
1100,0.1,0.0187,0.009364546803882464,20,0.002093976323195958,CpG,Continuous (rho; Pearson correlation),CpG_15M,15000000,1000
1200,0.1,0.0357,0.01792410902138587,20,0.0040079526207936035,CpG,Continuous (rho; Pearson correlation),CpG_15M,15000000,1000
900,0.15,0.38115,0.05722832846543195,20,0.012796643268739206,CpG,Continuous (rho; Pearson correlation),CpG_15M,15000000,1000
1000,0.15,0.47075,0.04715581674228091,20,0.010544361177026278,CpG,Continuous (rho; Pearson correlation),CpG_15M,15000000,1000
1100,0.15,0.59865,0.05297991178391655,20,0.011846668419077954,CpG,Continuous (rho; Pearson correlation),CpG_15M,15000000,1000
1200,0.15,0.69985,0.04326816624871356,20,0.00967505609938856,CpG,Continuous (rho; Pearson correlation),CpG_15M,15000000,1000
900,0.18,0.78505,0.03474641215859181,20,0.007769533956083649,CpG,Continuous (rho; Pearson correlation),CpG_15M,15000000,1000
1000,0.18,0.86385,0.04055441438753358,20,0.009068242735822058,CpG,Continuous (rho; Pearson correlation),CpG_15M,15000000,1000
1100,0.18,0.9186000000000001,0.020500064184751896,20,0.0045839537060214045,CpG,Continuous (rho; Pearson correlation),CpG_15M,15000000,1000
1200,0.18,0.94855,0.013100723162040352,20,0.002929410754472822,CpG,Continuous (rho; Pearson correlation),CpG_15M,15000000,1000
900,0.2,0.9159,0.024255004909459293,20,0.005423583977214211,CpG,Continuous (rho; Pearson correlation),CpG_15M,15000000,1000
1000,0.2,0.95614999999999994,0.011988042287827353,20,0.002680607747272406,CpG,Continuous (rho; Pearson correlation),CpG_15M,15000000,1000
1100,0.2,0.9823,0.0065622525015985875,20,0.001467364267909249,CpG,Continuous (rho; Pearson correlation),CpG_15M,15000000,1000
1200,0.2,0.98895,0.005316063046634185,20,0.001188707834494867,CpG,Continuous (rho; Pearson correlation),CpG_15M,15000000,1000
